id,event_type,actor_id,target_id,target_type,action,metadata,ip_address,user_agent,created_at
010090fc-edda-4598-9005-fd39038da927,abnormality_detected,e1000000-0000-0000-0000-000000000001,d8e4f049-19d0-46de-9a53-ef0e10c41f6c,abnormality,upsert_abnormality,"{""type"":""rapid_paste"",""severity"":""CRITICAL"",""confidence"":0.8,""session_id"":""59771728-842b-4577-9467-acd80a5b3f27""}",,,2026-03-19 10:41:11.801854
0142a52e-2190-4014-a13c-a96f5da53cbd,abnormality_detected,0538b32c-c891-41bd-a82e-b150f09fc50e,de163820-d6fb-4d46-9f9e-81325aa9b6cc,abnormality,upsert_abnormality,"{""type"":""long_idle"",""severity"":""CRITICAL"",""confidence"":1,""session_id"":""d74eb73f-0f9c-4540-bb0d-e58656d4a31c""}",,,2026-03-20 08:36:35.508169
02b42b12-2d7b-40b0-ad52-785083cc66cb,abnormality_detected,0538b32c-c891-41bd-a82e-b150f09fc50e,de163820-d6fb-4d46-9f9e-81325aa9b6cc,abnormality,upsert_abnormality,"{""type"":""clock_in_clock_out"",""severity"":""CRITICAL"",""confidence"":0.9345,""session_id"":""d74eb73f-0f9c-4540-bb0d-e58656d4a31c""}",,,2026-03-20 07:19:20.016814
02f1a862-f876-4480-b35e-9f8f57bad769,abnormality_detected,7655942d-098c-472a-a03d-bb2d96e0450d,b9910b71-d48d-476c-b119-5285eaa7eaeb,abnormality,upsert_abnormality,"{""type"":""suspicious_paste"",""severity"":""CRITICAL"",""confidence"":0.99,""session_id"":""6e67c504-60af-452d-accd-8f1809395426""}",,,2026-03-19 15:43:36.847656
02f27f5b-c2c5-4871-b8bb-3b866a8dfd01,abnormality_detected,7655942d-098c-472a-a03d-bb2d96e0450d,4df113a9-b296-471b-9feb-a4120b569ec4,abnormality,upsert_abnormality,"{""type"":""long_idle"",""severity"":""CRITICAL"",""confidence"":1,""session_id"":""e32dd7ee-eb3b-4eed-99ba-658eeef3e1d8""}",,,2026-03-19 07:09:17.816159
03a88da6-63e9-455a-9ad9-c3bcec690775,session_ended,7655942d-098c-472a-a03d-bb2d96e0450d,338522c7-0c75-4080-924d-45c242236239,session,end_session,"{""status"":""incomplete"",""lunch_taken"":false,""work_minutes"":6,""break_minutes"":0}",,,2026-04-14 11:30:25.075694
03bfc6a6-a072-4a1a-b42c-9db421dc66ee,abnormality_detected,e1000000-0000-0000-0000-000000000001,d8e4f049-19d0-46de-9a53-ef0e10c41f6c,abnormality,upsert_abnormality,"{""type"":""burst_then_idle"",""severity"":""CRITICAL"",""confidence"":0.7117,""session_id"":""59771728-842b-4577-9467-acd80a5b3f27""}",,,2026-03-19 11:45:36.287483
03d61ef1-e660-400d-9e3a-c113f04f85e5,abnormality_detected,e1000000-0000-0000-0000-000000000001,d8e4f049-19d0-46de-9a53-ef0e10c41f6c,abnormality,upsert_abnormality,"{""type"":""minimal_activity"",""severity"":""CRITICAL"",""confidence"":1,""session_id"":""59771728-842b-4577-9467-acd80a5b3f27""}",,,2026-03-19 11:45:29.014813
051732c9-69c7-4986-8bd4-61a2f332c28d,abnormality_detected,a1000000-0000-0000-0000-000000000001,4375674f-5ca0-4b26-a9ad-93b692b82519,abnormality,upsert_abnormality,"{""type"":""long_idle"",""severity"":""CRITICAL"",""confidence"":0.9677,""session_id"":""4b51c55d-bb0a-48b0-883a-1c927c283ce3""}",,,2026-03-18 16:45:09.472846
05834238-cdf2-40c7-a700-09415dfcaf6a,abnormality_detected,0538b32c-c891-41bd-a82e-b150f09fc50e,de163820-d6fb-4d46-9f9e-81325aa9b6cc,abnormality,upsert_abnormality,"{""type"":""long_idle"",""severity"":""CRITICAL"",""confidence"":1,""session_id"":""d74eb73f-0f9c-4540-bb0d-e58656d4a31c""}",,,2026-03-20 07:08:57.117205
05a5bf3b-5a71-4b8e-94bc-7039f3562d83,abnormality_detected,1950dcfc-8839-4c50-ab2a-11a6f6c018ff,c30846fe-5256-442d-8d06-a72150f32ab1,abnormality,upsert_abnormality,"{""type"":""suspicious_paste"",""severity"":""CRITICAL"",""confidence"":0.99,""session_id"":""f5783da6-6e4e-407e-9650-60847a360f63""}",,,2026-04-15 14:46:03.801616
05fe5d6d-a9fc-49e1-87b5-5c12aef2db28,user_login,a1000000-0000-0000-0000-000000000001,a1000000-0000-0000-0000-000000000001,employee,login,"{""role"":""admin""}",43.230.105.214,"Mozilla/5.0 (Windows NT 10.0; Win64; x64) AppleWebKit/537.36 (KHTML, like Gecko) Chrome/147.0.0.0 Safari/537.36",2026-04-14 11:57:25.777152
0607c1ca-ca4e-4811-bebe-51a0b5a8ed37,abnormality_detected,60981727-cff3-4f24-865f-0917898bb71e,2d5868a1-ff4c-4528-8665-efa6d531adeb,abnormality,create_abnormality,"{""type"":""suspicious_paste"",""severity"":""CRITICAL"",""confidence"":0.95,""session_id"":""012483d2-16b2-42cc-92a2-4a0841f37a1f""}",,,2026-04-14 17:07:42.074746
0658e104-ac01-40a9-bf1c-b8a75c9dc52c,abnormality_detected,7655942d-098c-472a-a03d-bb2d96e0450d,4df113a9-b296-471b-9feb-a4120b569ec4,abnormality,upsert_abnormality,"{""type"":""rapid_paste"",""severity"":""CRITICAL"",""confidence"":0.8,""session_id"":""e32dd7ee-eb3b-4eed-99ba-658eeef3e1d8""}",,,2026-03-19 08:46:30.851346
06785e17-f1af-4f81-8c5b-601d45d3005a,abnormality_detected,0538b32c-c891-41bd-a82e-b150f09fc50e,de163820-d6fb-4d46-9f9e-81325aa9b6cc,abnormality,upsert_abnormality,"{""type"":""clock_in_clock_out"",""severity"":""CRITICAL"",""confidence"":0.9345,""session_id"":""d74eb73f-0f9c-4540-bb0d-e58656d4a31c""}",,,2026-03-20 07:45:09.739444
06ce7f3a-58b1-4265-a823-45ddeea4c21a,abnormality_detected,7655942d-098c-472a-a03d-bb2d96e0450d,4df113a9-b296-471b-9feb-a4120b569ec4,abnormality,upsert_abnormality,"{""type"":""suspicious_paste"",""severity"":""CRITICAL"",""confidence"":0.99,""session_id"":""e32dd7ee-eb3b-4eed-99ba-658eeef3e1d8""}",,,2026-03-19 07:14:19.565252
071500e9-727e-481a-99fe-56b10a8830cd,abnormality_detected,0538b32c-c891-41bd-a82e-b150f09fc50e,de163820-d6fb-4d46-9f9e-81325aa9b6cc,abnormality,upsert_abnormality,"{""type"":""clock_in_clock_out"",""severity"":""CRITICAL"",""confidence"":0.9345,""session_id"":""d74eb73f-0f9c-4540-bb0d-e58656d4a31c""}",,,2026-03-20 08:41:48.551722
074a1a35-88c2-41dc-a44e-e5cc117bd69e,abnormality_detected,0538b32c-c891-41bd-a82e-b150f09fc50e,de163820-d6fb-4d46-9f9e-81325aa9b6cc,abnormality,upsert_abnormality,"{""type"":""minimal_activity"",""severity"":""CRITICAL"",""confidence"":0.9869,""session_id"":""d74eb73f-0f9c-4540-bb0d-e58656d4a31c""}",,,2026-03-20 07:34:43.823963
08745cfc-3f8b-4269-844c-014b64a16425,abnormality_detected,7655942d-098c-472a-a03d-bb2d96e0450d,1e2721ef-a5e2-4bfb-ab2f-d3d6b1b34ab1,abnormality,upsert_abnormality,"{""type"":""minimal_activity"",""severity"":""CRITICAL"",""confidence"":1,""session_id"":""ab585872-f305-441e-a0e4-1f10227bdf7a""}",,,2026-04-18 04:29:24.694585
088fae35-83f8-483a-899e-677630b68009,abnormality_detected,0538b32c-c891-41bd-a82e-b150f09fc50e,de163820-d6fb-4d46-9f9e-81325aa9b6cc,abnormality,upsert_abnormality,"{""type"":""long_idle"",""severity"":""CRITICAL"",""confidence"":1,""session_id"":""d74eb73f-0f9c-4540-bb0d-e58656d4a31c""}",,,2026-03-20 09:33:26.621941
095bebaf-bb9a-44c0-a083-dc5d8da43ac3,abnormality_detected,0538b32c-c891-41bd-a82e-b150f09fc50e,de163820-d6fb-4d46-9f9e-81325aa9b6cc,abnormality,upsert_abnormality,"{""type"":""minimal_activity"",""severity"":""CRITICAL"",""confidence"":0.9869,""session_id"":""d74eb73f-0f9c-4540-bb0d-e58656d4a31c""}",,,2026-03-20 07:45:03.42752
0a03dda8-2b40-4446-a677-678ac175568c,abnormality_detected,e1000000-0000-0000-0000-000000000001,d8e4f049-19d0-46de-9a53-ef0e10c41f6c,abnormality,upsert_abnormality,"{""type"":""minimal_activity"",""severity"":""CRITICAL"",""confidence"":1,""session_id"":""59771728-842b-4577-9467-acd80a5b3f27""}",,,2026-03-19 11:52:03.836498
0a7b48b5-3e43-417d-9b30-beb0559915ef,abnormality_detected,7655942d-098c-472a-a03d-bb2d96e0450d,624836e4-84fa-4d40-8c30-74eaea058398,abnormality,upsert_abnormality,"{""type"":""rapid_paste"",""severity"":""CRITICAL"",""confidence"":0.8,""session_id"":""409dca42-87b1-4b74-ab01-cfdb09196b21""}",,,2026-04-17 10:35:43.367822
0a7f8320-24b2-4a99-b25c-16aa20b0eaa6,abnormality_detected,1950dcfc-8839-4c50-ab2a-11a6f6c018ff,c30846fe-5256-442d-8d06-a72150f32ab1,abnormality,upsert_abnormality,"{""type"":""suspicious_paste"",""severity"":""CRITICAL"",""confidence"":0.99,""session_id"":""f5783da6-6e4e-407e-9650-60847a360f63""}",,,2026-04-14 18:04:19.079056
0ac197ac-73e5-4a27-8a2f-86dc882386c5,abnormality_detected,7655942d-098c-472a-a03d-bb2d96e0450d,b9910b71-d48d-476c-b119-5285eaa7eaeb,abnormality,upsert_abnormality,"{""type"":""keyboard_sitting"",""severity"":""CRITICAL"",""confidence"":0.95,""session_id"":""6e67c504-60af-452d-accd-8f1809395426""}",,,2026-03-19 15:35:44.542857
0ad8fb1e-dba9-4952-bbbc-11d8acf8b7ec,abnormality_detected,0538b32c-c891-41bd-a82e-b150f09fc50e,de163820-d6fb-4d46-9f9e-81325aa9b6cc,abnormality,upsert_abnormality,"{""type"":""clock_in_clock_out"",""severity"":""CRITICAL"",""confidence"":0.9345,""session_id"":""d74eb73f-0f9c-4540-bb0d-e58656d4a31c""}",,,2026-03-20 07:29:40.125942
0b29acff-4189-42c3-be21-caafe8bc5217,abnormality_detected,a1000000-0000-0000-0000-000000000001,4375674f-5ca0-4b26-a9ad-93b692b82519,abnormality,upsert_abnormality,"{""type"":""rapid_paste"",""severity"":""CRITICAL"",""confidence"":0.8,""session_id"":""4b51c55d-bb0a-48b0-883a-1c927c283ce3""}",,,2026-03-18 16:56:39.614064
0b2f18ac-436d-4805-acce-f086d4c98f95,abnormality_detected,60981727-cff3-4f24-865f-0917898bb71e,1e1eb5c3-44fc-4aaf-90dd-1e5fb1a9ca2b,abnormality,upsert_abnormality,"{""type"":""keyboard_sitting"",""severity"":""CRITICAL"",""confidence"":0.95,""session_id"":""40e3f459-2ebf-423f-b275-f3e6fc5e93b1""}",,,2026-04-14 11:38:41.598126
0bd59674-5855-4dbf-8949-b0e28a02c37f,user_login,50289596-773e-4a9c-8f95-d20c29c8b000,50289596-773e-4a9c-8f95-d20c29c8b000,employee,login,"{""role"":""employee""}",127.0.0.1,python-httpx/0.28.1,2026-04-16 07:56:06.489714
0bf45d80-e5ae-4544-be36-014473404beb,abnormality_detected,0538b32c-c891-41bd-a82e-b150f09fc50e,de163820-d6fb-4d46-9f9e-81325aa9b6cc,abnormality,upsert_abnormality,"{""type"":""clock_in_clock_out"",""severity"":""CRITICAL"",""confidence"":0.9345,""session_id"":""d74eb73f-0f9c-4540-bb0d-e58656d4a31c""}",,,2026-03-20 05:30:58.236076
0c4b937b-bdc4-4f19-b5c3-dbc0c6fe6d41,abnormality_detected,0538b32c-c891-41bd-a82e-b150f09fc50e,de163820-d6fb-4d46-9f9e-81325aa9b6cc,abnormality,upsert_abnormality,"{""type"":""long_idle"",""severity"":""CRITICAL"",""confidence"":0.76,""session_id"":""d74eb73f-0f9c-4540-bb0d-e58656d4a31c""}",,,2026-03-20 05:10:21.820495
0dccabea-4044-426e-8bf3-3e0707c44da0,abnormality_detected,0538b32c-c891-41bd-a82e-b150f09fc50e,de163820-d6fb-4d46-9f9e-81325aa9b6cc,abnormality,upsert_abnormality,"{""type"":""clock_in_clock_out"",""severity"":""CRITICAL"",""confidence"":0.9345,""session_id"":""d74eb73f-0f9c-4540-bb0d-e58656d4a31c""}",,,2026-03-20 09:59:19.011293
0e153beb-ccf2-4624-8f64-eb7f93f7434f,abnormality_detected,a1000000-0000-0000-0000-000000000001,4375674f-5ca0-4b26-a9ad-93b692b82519,abnormality,upsert_abnormality,"{""type"":""superhuman_speed"",""severity"":""CRITICAL"",""confidence"":1,""session_id"":""4b51c55d-bb0a-48b0-883a-1c927c283ce3""}",,,2026-03-18 16:40:02.459161
0e2031f5-81a7-4bb5-9068-bbbc94e94033,abnormality_detected,e1000000-0000-0000-0000-000000000001,d8e4f049-19d0-46de-9a53-ef0e10c41f6c,abnormality,upsert_abnormality,"{""type"":""superhuman_speed"",""severity"":""CRITICAL"",""confidence"":1,""session_id"":""59771728-842b-4577-9467-acd80a5b3f27""}",,,2026-03-19 10:46:23.513553
0e40f25f-926c-4ad2-a4e4-2227bae95513,abnormality_detected,1950dcfc-8839-4c50-ab2a-11a6f6c018ff,c30846fe-5256-442d-8d06-a72150f32ab1,abnormality,upsert_abnormality,"{""type"":""burst_then_idle"",""severity"":""CRITICAL"",""confidence"":0.7244,""session_id"":""f5783da6-6e4e-407e-9650-60847a360f63""}",,,2026-04-15 14:27:45.687798
0ea9d3fc-fb5a-4d6f-9bc4-1c59cea7cb10,abnormality_detected,1950dcfc-8839-4c50-ab2a-11a6f6c018ff,89351406-d13e-4666-9f75-6fe6028d597d,abnormality,upsert_abnormality,"{""type"":""long_idle"",""severity"":""CRITICAL"",""confidence"":0.7085,""session_id"":""d0aca746-b1bf-4c30-a962-eead4b62a015""}",,,2026-04-15 18:37:15.12903
0fb63f8b-79d4-4786-bddf-05f4266e3afa,abnormality_detected,0538b32c-c891-41bd-a82e-b150f09fc50e,de163820-d6fb-4d46-9f9e-81325aa9b6cc,abnormality,upsert_abnormality,"{""type"":""minimal_activity"",""severity"":""CRITICAL"",""confidence"":0.9311,""session_id"":""d74eb73f-0f9c-4540-bb0d-e58656d4a31c""}",,,2026-03-20 05:15:25.209532
10be76b2-938e-4217-96b4-fc5ab6f433c9,abnormality_detected,0538b32c-c891-41bd-a82e-b150f09fc50e,de163820-d6fb-4d46-9f9e-81325aa9b6cc,abnormality,upsert_abnormality,"{""type"":""minimal_activity"",""severity"":""CRITICAL"",""confidence"":0.9869,""session_id"":""d74eb73f-0f9c-4540-bb0d-e58656d4a31c""}",,,2026-03-20 10:04:22.860765
111eaa48-c3ce-4239-b9f4-c7b19e54e785,abnormality_detected,0538b32c-c891-41bd-a82e-b150f09fc50e,de163820-d6fb-4d46-9f9e-81325aa9b6cc,abnormality,upsert_abnormality,"{""type"":""long_idle"",""severity"":""CRITICAL"",""confidence"":1,""session_id"":""d74eb73f-0f9c-4540-bb0d-e58656d4a31c""}",,,2026-03-20 09:02:26.437082
11372f6f-3ab5-4b53-b2bc-2200bf207577,abnormality_detected,0538b32c-c891-41bd-a82e-b150f09fc50e,de163820-d6fb-4d46-9f9e-81325aa9b6cc,abnormality,upsert_abnormality,"{""type"":""clock_in_clock_out"",""severity"":""CRITICAL"",""confidence"":0.9345,""session_id"":""d74eb73f-0f9c-4540-bb0d-e58656d4a31c""}",,,2026-03-20 09:54:09.240392
11b23519-b1cc-4dcb-9253-dd2ae81cca74,abnormality_detected,60981727-cff3-4f24-865f-0917898bb71e,1e1eb5c3-44fc-4aaf-90dd-1e5fb1a9ca2b,abnormality,upsert_abnormality,"{""type"":""keyboard_sitting"",""severity"":""CRITICAL"",""confidence"":0.95,""session_id"":""40e3f459-2ebf-423f-b275-f3e6fc5e93b1""}",,,2026-04-14 11:42:49.026864
122d4244-52ab-46c2-a38e-64c856327354,abnormality_detected,0538b32c-c891-41bd-a82e-b150f09fc50e,de163820-d6fb-4d46-9f9e-81325aa9b6cc,abnormality,upsert_abnormality,"{""type"":""minimal_activity"",""severity"":""CRITICAL"",""confidence"":0.9869,""session_id"":""d74eb73f-0f9c-4540-bb0d-e58656d4a31c""}",,,2026-03-20 07:03:45.122842
12b1381c-86ed-4dc2-becd-d125fbc6a74c,abnormality_detected,a1000000-0000-0000-0000-000000000001,4375674f-5ca0-4b26-a9ad-93b692b82519,abnormality,upsert_abnormality,"{""type"":""burst_then_idle"",""severity"":""CRITICAL"",""confidence"":0.745,""session_id"":""4b51c55d-bb0a-48b0-883a-1c927c283ce3""}",,,2026-03-18 16:55:32.373648
1317e45c-ca25-4c42-9417-c506ac2d7b62,abnormality_detected,1950dcfc-8839-4c50-ab2a-11a6f6c018ff,c30846fe-5256-442d-8d06-a72150f32ab1,abnormality,upsert_abnormality,"{""type"":""suspicious_paste"",""severity"":""CRITICAL"",""confidence"":0.99,""session_id"":""f5783da6-6e4e-407e-9650-60847a360f63""}",,,2026-04-15 14:29:47.921185
13917bab-9715-4743-afed-9155f3ef6fb5,abnormality_detected,a1000000-0000-0000-0000-000000000001,4375674f-5ca0-4b26-a9ad-93b692b82519,abnormality,upsert_abnormality,"{""type"":""keyboard_sitting"",""severity"":""CRITICAL"",""confidence"":1,""session_id"":""4b51c55d-bb0a-48b0-883a-1c927c283ce3""}",,,2026-03-18 16:55:30.239816
13c8e367-3fee-4183-9bd6-62365a19c2e8,abnormality_detected,1950dcfc-8839-4c50-ab2a-11a6f6c018ff,c30846fe-5256-442d-8d06-a72150f32ab1,abnormality,upsert_abnormality,"{""type"":""burst_then_idle"",""severity"":""CRITICAL"",""confidence"":0.7244,""session_id"":""f5783da6-6e4e-407e-9650-60847a360f63""}",,,2026-04-15 14:35:55.350579
146edb20-3708-4f25-b9d0-6987dacaa822,abnormality_detected,a1000000-0000-0000-0000-000000000001,4375674f-5ca0-4b26-a9ad-93b692b82519,abnormality,upsert_abnormality,"{""type"":""superhuman_speed"",""severity"":""CRITICAL"",""confidence"":1,""session_id"":""4b51c55d-bb0a-48b0-883a-1c927c283ce3""}",,,2026-03-18 16:24:50.81115
14dce9d4-9ea6-4f49-b095-0d2732450828,abnormality_detected,7655942d-098c-472a-a03d-bb2d96e0450d,07f2a2f3-ac91-4a57-8418-6f81883c3214,abnormality,upsert_abnormality,"{""type"":""long_idle"",""severity"":""CRITICAL"",""confidence"":0.7976,""session_id"":""558af15d-e36f-4a97-ac39-80dcfd0cd293""}",,,2026-04-18 05:00:06.223676
150c8f43-8f3e-4b95-9112-1b3fbd3a1c87,abnormality_detected,1950dcfc-8839-4c50-ab2a-11a6f6c018ff,c30846fe-5256-442d-8d06-a72150f32ab1,abnormality,upsert_abnormality,"{""type"":""burst_then_idle"",""severity"":""CRITICAL"",""confidence"":0.7244,""session_id"":""f5783da6-6e4e-407e-9650-60847a360f63""}",,,2026-04-15 14:20:42.573698
158152f0-6507-41f0-919b-14eb540e312c,abnormality_detected,0538b32c-c891-41bd-a82e-b150f09fc50e,de163820-d6fb-4d46-9f9e-81325aa9b6cc,abnormality,upsert_abnormality,"{""type"":""clock_in_clock_out"",""severity"":""CRITICAL"",""confidence"":0.9345,""session_id"":""d74eb73f-0f9c-4540-bb0d-e58656d4a31c""}",,,2026-03-20 06:12:10.940855
15dd0d0b-2b1f-4085-8748-ca98bb22c531,abnormality_detected,7655942d-098c-472a-a03d-bb2d96e0450d,624836e4-84fa-4d40-8c30-74eaea058398,abnormality,upsert_abnormality,"{""type"":""paste_heavy_work"",""severity"":""CRITICAL"",""confidence"":1,""session_id"":""409dca42-87b1-4b74-ab01-cfdb09196b21""}",,,2026-04-17 10:35:45.569979
15e39857-0759-43da-9b9f-3b2244e8be72,abnormality_detected,0538b32c-c891-41bd-a82e-b150f09fc50e,de163820-d6fb-4d46-9f9e-81325aa9b6cc,abnormality,upsert_abnormality,"{""type"":""long_idle"",""severity"":""CRITICAL"",""confidence"":1,""session_id"":""d74eb73f-0f9c-4540-bb0d-e58656d4a31c""}",,,2026-03-20 05:15:28.028069
16106d0d-eb37-43e2-b924-2859f3a4d5a2,abnormality_detected,0538b32c-c891-41bd-a82e-b150f09fc50e,de163820-d6fb-4d46-9f9e-81325aa9b6cc,abnormality,upsert_abnormality,"{""type"":""long_idle"",""severity"":""CRITICAL"",""confidence"":1,""session_id"":""d74eb73f-0f9c-4540-bb0d-e58656d4a31c""}",,,2026-03-20 06:53:23.025197
1612ccc7-c88f-4647-b04f-006e4f52ea75,abnormality_detected,60981727-cff3-4f24-865f-0917898bb71e,3fbe5620-dba5-4d8f-92ca-7d9470d4102c,abnormality,create_abnormality,"{""type"":""burst_then_idle"",""severity"":""LOW"",""confidence"":0.7319,""session_id"":""575636eb-ee41-4a36-ba81-07f00c9394d1""}",,,2026-03-21 10:19:46.988653
1706e86c-3f57-4b9b-bd91-8ea7055e8dc3,abnormality_detected,7655942d-098c-472a-a03d-bb2d96e0450d,4df113a9-b296-471b-9feb-a4120b569ec4,abnormality,upsert_abnormality,"{""type"":""suspicious_paste"",""severity"":""CRITICAL"",""confidence"":0.99,""session_id"":""e32dd7ee-eb3b-4eed-99ba-658eeef3e1d8""}",,,2026-03-19 07:04:13.253601
17eacbcb-ff9c-45d0-83de-34efe43c792e,user_login,1950dcfc-8839-4c50-ab2a-11a6f6c018ff,1950dcfc-8839-4c50-ab2a-11a6f6c018ff,employee,login,"{""role"":""employee""}",103.112.19.157,"Mozilla/5.0 (Windows NT 10.0; Win64; x64) AppleWebKit/537.36 (KHTML, like Gecko) Chrome/147.0.0.0 Safari/537.36 Edg/147.0.0.0",2026-04-17 17:37:33.887552
17edd137-09f7-4f44-aa42-4d4235e47d98,abnormality_detected,1950dcfc-8839-4c50-ab2a-11a6f6c018ff,c30846fe-5256-442d-8d06-a72150f32ab1,abnormality,upsert_abnormality,"{""type"":""suspicious_paste"",""severity"":""CRITICAL"",""confidence"":0.99,""session_id"":""f5783da6-6e4e-407e-9650-60847a360f63""}",,,2026-04-14 18:23:27.858212
18b2dd7b-f3f4-4773-8bb7-573dc5f43ab0,session_started,7655942d-098c-472a-a03d-bb2d96e0450d,6e67c504-60af-452d-accd-8f1809395426,session,start_session,"{""start_time"":""2026-03-19T15:04:53.999771""}",,,2026-03-19 15:04:57.438928
1a328ef7-fc14-41f2-b2f1-96557a4334d6,abnormality_detected,e1000000-0000-0000-0000-000000000001,d8e4f049-19d0-46de-9a53-ef0e10c41f6c,abnormality,upsert_abnormality,"{""type"":""suspicious_paste"",""severity"":""CRITICAL"",""confidence"":0.99,""session_id"":""59771728-842b-4577-9467-acd80a5b3f27""}",,,2026-03-19 10:21:48.039138
1a51cc10-9aa2-411b-abfe-01bd34d45fff,abnormality_detected,0538b32c-c891-41bd-a82e-b150f09fc50e,de163820-d6fb-4d46-9f9e-81325aa9b6cc,abnormality,upsert_abnormality,"{""type"":""minimal_activity"",""severity"":""CRITICAL"",""confidence"":0.9853,""session_id"":""d74eb73f-0f9c-4540-bb0d-e58656d4a31c""}",,,2026-03-20 06:22:23.80785
1a878cdf-bc1a-478c-ac6d-5d599ff5597e,abnormality_detected,0538b32c-c891-41bd-a82e-b150f09fc50e,de163820-d6fb-4d46-9f9e-81325aa9b6cc,abnormality,upsert_abnormality,"{""type"":""clock_in_clock_out"",""severity"":""CRITICAL"",""confidence"":0.9345,""session_id"":""d74eb73f-0f9c-4540-bb0d-e58656d4a31c""}",,,2026-03-20 07:34:49.915776
1b4db513-f16e-45de-8bc5-992ce6a6530d,abnormality_detected,0538b32c-c891-41bd-a82e-b150f09fc50e,de163820-d6fb-4d46-9f9e-81325aa9b6cc,abnormality,upsert_abnormality,"{""type"":""long_idle"",""severity"":""CRITICAL"",""confidence"":1,""session_id"":""d74eb73f-0f9c-4540-bb0d-e58656d4a31c""}",,,2026-03-20 06:37:55.027994
1be82c30-4903-4d07-9c1f-f86e61083712,abnormality_detected,60981727-cff3-4f24-865f-0917898bb71e,2d5868a1-ff4c-4528-8665-efa6d531adeb,abnormality,upsert_abnormality,"{""type"":""keyboard_sitting"",""severity"":""CRITICAL"",""confidence"":0.95,""session_id"":""012483d2-16b2-42cc-92a2-4a0841f37a1f""}",,,2026-04-14 17:12:32.15826
1c01d560-ec86-40ea-969d-f7011fd5abe0,abnormality_detected,0538b32c-c891-41bd-a82e-b150f09fc50e,de163820-d6fb-4d46-9f9e-81325aa9b6cc,abnormality,upsert_abnormality,"{""type"":""long_idle"",""severity"":""CRITICAL"",""confidence"":1,""session_id"":""d74eb73f-0f9c-4540-bb0d-e58656d4a31c""}",,,2026-03-20 06:48:13.435639
1c1414cb-4fb7-480d-b739-344c996cbfb3,abnormality_detected,7655942d-098c-472a-a03d-bb2d96e0450d,4df113a9-b296-471b-9feb-a4120b569ec4,abnormality,upsert_abnormality,"{""type"":""long_idle"",""severity"":""CRITICAL"",""confidence"":1,""session_id"":""e32dd7ee-eb3b-4eed-99ba-658eeef3e1d8""}",,,2026-03-19 07:14:21.000669
1c203023-4fbf-4f02-a089-08cae24d1cb9,user_login,7655942d-098c-472a-a03d-bb2d96e0450d,7655942d-098c-472a-a03d-bb2d96e0450d,employee,login,"{""role"":""admin""}",157.49.126.25,python-httpx/0.28.1,2026-04-16 13:21:44.565325
1cd9130a-2632-4ac7-a10b-7d7a40206d02,user_login,7655942d-098c-472a-a03d-bb2d96e0450d,7655942d-098c-472a-a03d-bb2d96e0450d,employee,login,"{""role"":""admin""}",43.230.106.48,"Mozilla/5.0 (Windows NT 10.0; Win64; x64) AppleWebKit/537.36 (KHTML, like Gecko) Chrome/147.0.0.0 Safari/537.36",2026-04-12 08:58:20.646507
1d477d18-ff5b-4b7e-847c-a132d701c3c5,session_ended,a1000000-0000-0000-0000-000000000001,2876230b-c7d3-4806-9d66-e1e981584281,session,end_session,"{""status"":""incomplete"",""lunch_taken"":false,""work_minutes"":12,""break_minutes"":0}",,,2026-03-19 17:10:22.501772
1d5a7bbb-d8d3-4dc8-aedf-175412e3d4ea,abnormality_detected,7655942d-098c-472a-a03d-bb2d96e0450d,07f2a2f3-ac91-4a57-8418-6f81883c3214,abnormality,upsert_abnormality,"{""type"":""long_idle"",""severity"":""CRITICAL"",""confidence"":0.7976,""session_id"":""558af15d-e36f-4a97-ac39-80dcfd0cd293""}",,,2026-04-18 04:56:58.387907
1dbc7c60-ee73-48a0-a7a2-c36038b9b7a4,abnormality_detected,e1000000-0000-0000-0000-000000000001,d8e4f049-19d0-46de-9a53-ef0e10c41f6c,abnormality,upsert_abnormality,"{""type"":""suspicious_paste"",""severity"":""CRITICAL"",""confidence"":0.99,""session_id"":""59771728-842b-4577-9467-acd80a5b3f27""}",,,2026-03-19 11:40:19.427915
1e001de5-5e54-4c94-af76-a1870ad9deb7,abnormality_detected,0538b32c-c891-41bd-a82e-b150f09fc50e,de163820-d6fb-4d46-9f9e-81325aa9b6cc,abnormality,upsert_abnormality,"{""type"":""long_idle"",""severity"":""CRITICAL"",""confidence"":1,""session_id"":""d74eb73f-0f9c-4540-bb0d-e58656d4a31c""}",,,2026-03-20 10:14:46.223049
1e1ba424-a09d-4579-8054-ec7f10903daf,abnormality_detected,60981727-cff3-4f24-865f-0917898bb71e,1e1eb5c3-44fc-4aaf-90dd-1e5fb1a9ca2b,abnormality,upsert_abnormality,"{""type"":""suspicious_paste"",""severity"":""CRITICAL"",""confidence"":0.99,""session_id"":""40e3f459-2ebf-423f-b275-f3e6fc5e93b1""}",,,2026-04-14 11:38:40.239963
1e90ee6f-c229-445a-abc4-f48255e15dee,abnormality_detected,e1000000-0000-0000-0000-000000000001,d8e4f049-19d0-46de-9a53-ef0e10c41f6c,abnormality,upsert_abnormality,"{""type"":""minimal_activity"",""severity"":""CRITICAL"",""confidence"":1,""session_id"":""59771728-842b-4577-9467-acd80a5b3f27""}",,,2026-03-19 10:41:07.030608
1ebad6f1-c8b3-484d-83b2-7699dbfb2da3,abnormality_detected,e1000000-0000-0000-0000-000000000001,d8e4f049-19d0-46de-9a53-ef0e10c41f6c,abnormality,upsert_abnormality,"{""type"":""burst_then_idle"",""severity"":""CRITICAL"",""confidence"":0.7117,""session_id"":""59771728-842b-4577-9467-acd80a5b3f27""}",,,2026-03-19 11:30:01.927782
1f6b6f3f-51fb-4e5b-ba18-5558c9e182c4,abnormality_detected,a1000000-0000-0000-0000-000000000001,4375674f-5ca0-4b26-a9ad-93b692b82519,abnormality,upsert_abnormality,"{""type"":""superhuman_speed"",""severity"":""CRITICAL"",""confidence"":1,""session_id"":""4b51c55d-bb0a-48b0-883a-1c927c283ce3""}",,,2026-03-18 16:45:07.000783
1fc2c600-6797-4fc8-bf01-5f09615e4848,abnormality_detected,0538b32c-c891-41bd-a82e-b150f09fc50e,de163820-d6fb-4d46-9f9e-81325aa9b6cc,abnormality,upsert_abnormality,"{""type"":""clock_in_clock_out"",""severity"":""CRITICAL"",""confidence"":0.9345,""session_id"":""d74eb73f-0f9c-4540-bb0d-e58656d4a31c""}",,,2026-03-20 08:57:19.318055
1fc6b6cb-9f43-464c-8c91-fd98cf115def,user_login,4a36882d-ad49-4571-8888-d6ef62081904,4a36882d-ad49-4571-8888-d6ef62081904,employee,login,"{""role"":""employee""}",127.0.0.1,python-httpx/0.25.2,2026-04-13 12:05:41.812247
1fec63b4-6880-4867-a0fb-ada87c124d72,user_login,078b8628-dcb3-4bbf-9a64-ce01557013a5,078b8628-dcb3-4bbf-9a64-ce01557013a5,employee,login,"{""role"":""admin""}",103.155.141.248,"Mozilla/5.0 (Linux; Android 6.0; Nexus 5 Build/MRA58N) AppleWebKit/537.36 (KHTML, like Gecko) Chrome/147.0.0.0 Mobile Safari/537.36",2026-04-22 16:52:03.890791
209c1fca-d56d-4b6a-8349-dcfaf90c48e2,abnormality_detected,e1000000-0000-0000-0000-000000000001,d8e4f049-19d0-46de-9a53-ef0e10c41f6c,abnormality,upsert_abnormality,"{""type"":""minimal_activity"",""severity"":""CRITICAL"",""confidence"":1,""session_id"":""59771728-842b-4577-9467-acd80a5b3f27""}",,,2026-03-19 10:11:39.498849
20c626db-7f87-4654-a1fd-9ab95d266c16,abnormality_detected,7655942d-098c-472a-a03d-bb2d96e0450d,f068856c-028c-4ecb-b709-3dfd6f1ae906,abnormality,upsert_abnormality,"{""type"":""suspicious_paste"",""severity"":""CRITICAL"",""confidence"":0.95,""session_id"":""de0138bc-594b-446f-bece-64131313ad77""}",,,2026-04-14 12:23:23.618369
20c70c3d-2347-4b31-b238-225992332afb,user_login,7655942d-098c-472a-a03d-bb2d96e0450d,7655942d-098c-472a-a03d-bb2d96e0450d,employee,login,"{""role"":""admin""}",127.0.0.1,python-httpx/0.25.2,2026-04-13 17:49:36.369856
219b0178-c285-40cf-b0c3-522652758ac2,abnormality_detected,0538b32c-c891-41bd-a82e-b150f09fc50e,de163820-d6fb-4d46-9f9e-81325aa9b6cc,abnormality,upsert_abnormality,"{""type"":""clock_in_clock_out"",""severity"":""CRITICAL"",""confidence"":0.9239,""session_id"":""d74eb73f-0f9c-4540-bb0d-e58656d4a31c""}",,,2026-03-20 05:25:49.113129
21e41eb5-40a7-4e31-adb3-67485f937127,session_started,7655942d-098c-472a-a03d-bb2d96e0450d,409dca42-87b1-4b74-ab01-cfdb09196b21,session,start_session,"{""start_time"":""2026-04-17T10:33:53.243115""}",,,2026-04-17 10:33:54.082531
21f0f8a4-847f-4ec2-8f1a-d4f644fbd304,abnormality_detected,e1000000-0000-0000-0000-000000000001,d8e4f049-19d0-46de-9a53-ef0e10c41f6c,abnormality,create_abnormality,"{""type"":""long_idle"",""severity"":""CRITICAL"",""confidence"":1,""session_id"":""59771728-842b-4577-9467-acd80a5b3f27""}",,,2026-03-19 09:09:18.134604
22733528-a94d-4d95-b92d-06176ea8be0c,user_login,7655942d-098c-472a-a03d-bb2d96e0450d,7655942d-098c-472a-a03d-bb2d96e0450d,employee,login,"{""role"":""admin""}",157.49.126.25,python-httpx/0.28.1,2026-04-16 12:56:35.44286
22b70f2f-13b4-46f9-a802-0ce019456843,abnormality_detected,0538b32c-c891-41bd-a82e-b150f09fc50e,de163820-d6fb-4d46-9f9e-81325aa9b6cc,abnormality,upsert_abnormality,"{""type"":""clock_in_clock_out"",""severity"":""CRITICAL"",""confidence"":0.9345,""session_id"":""d74eb73f-0f9c-4540-bb0d-e58656d4a31c""}",,,2026-03-20 08:36:38.511161
230e365c-4d7f-4bfc-863b-556304057336,session_ended,078b8628-dcb3-4bbf-9a64-ce01557013a5,1947cb4f-414c-4b94-8bf8-b7de9cf2ebf2,session,end_session,"{""status"":""incomplete"",""lunch_taken"":false,""work_minutes"":1,""break_minutes"":0}",,,2026-04-17 05:45:01.865634
23106d95-8eaf-48cd-aa8a-8efbf2d87268,abnormality_detected,0538b32c-c891-41bd-a82e-b150f09fc50e,de163820-d6fb-4d46-9f9e-81325aa9b6cc,abnormality,upsert_abnormality,"{""type"":""clock_in_clock_out"",""severity"":""CRITICAL"",""confidence"":0.9345,""session_id"":""d74eb73f-0f9c-4540-bb0d-e58656d4a31c""}",,,2026-03-20 07:55:19.547834
2335602b-c7d4-48f0-9388-c608e0b4c5fc,task_assigned,7655942d-098c-472a-a03d-bb2d96e0450d,1950dcfc-8839-4c50-ab2a-11a6f6c018ff,task,create_task,"{""title"":""red"",""task_id"":""bc1e39dc-9fd2-41e4-84e0-e96ae4349e99"",""priority"":""urgent""}",,,2026-04-15 13:19:49.560924
234eb7c0-a465-4d42-b745-f8c16ea22cf9,leave_applied,1950dcfc-8839-4c50-ab2a-11a6f6c018ff,a982c8ba-d6de-46db-8abb-e8ac8e9d2f6c,leave,apply_leave,"{""days"":2,""from"":""2026-04-17"",""leave_type"":""EL""}",,,2026-04-16 06:43:57.62164
2358d69b-addc-4655-9c1d-7ab742315aaa,user_login,a1000000-0000-0000-0000-000000000001,a1000000-0000-0000-0000-000000000001,employee,login,"{""role"":""admin""}",127.0.0.1,python-httpx/0.25.2,2026-03-18 15:39:36.781891
23942764-e5ca-4a8c-affb-e7cac75ceb06,abnormality_detected,0538b32c-c891-41bd-a82e-b150f09fc50e,de163820-d6fb-4d46-9f9e-81325aa9b6cc,abnormality,upsert_abnormality,"{""type"":""long_idle"",""severity"":""CRITICAL"",""confidence"":1,""session_id"":""d74eb73f-0f9c-4540-bb0d-e58656d4a31c""}",,,2026-03-20 05:56:40.828188
23b7a191-bd0b-431a-ad63-6fd99729d2d4,user_login,7655942d-098c-472a-a03d-bb2d96e0450d,7655942d-098c-472a-a03d-bb2d96e0450d,employee,login,"{""role"":""admin""}",157.49.126.25,python-httpx/0.28.1,2026-04-16 11:39:14.744181
2421f835-a3f1-4a5c-be7c-b86aa0973a77,abnormality_detected,7655942d-098c-472a-a03d-bb2d96e0450d,f068856c-028c-4ecb-b709-3dfd6f1ae906,abnormality,upsert_abnormality,"{""type"":""keyboard_sitting"",""severity"":""CRITICAL"",""confidence"":0.75,""session_id"":""de0138bc-594b-446f-bece-64131313ad77""}",,,2026-04-14 12:23:22.307481
24b55a50-92fc-47e9-9437-d68effd69ea1,abnormality_detected,0538b32c-c891-41bd-a82e-b150f09fc50e,de163820-d6fb-4d46-9f9e-81325aa9b6cc,abnormality,upsert_abnormality,"{""type"":""minimal_activity"",""severity"":""CRITICAL"",""confidence"":0.9869,""session_id"":""d74eb73f-0f9c-4540-bb0d-e58656d4a31c""}",,,2026-03-20 08:10:42.822631
24c384e5-e725-4ea9-8ffc-680b0230462e,abnormality_detected,1950dcfc-8839-4c50-ab2a-11a6f6c018ff,c30846fe-5256-442d-8d06-a72150f32ab1,abnormality,upsert_abnormality,"{""type"":""suspicious_paste"",""severity"":""CRITICAL"",""confidence"":0.99,""session_id"":""f5783da6-6e4e-407e-9650-60847a360f63""}",,,2026-04-14 18:01:14.850972
251527c5-2845-4c58-976d-2dcef915cb21,abnormality_detected,0538b32c-c891-41bd-a82e-b150f09fc50e,de163820-d6fb-4d46-9f9e-81325aa9b6cc,abnormality,upsert_abnormality,"{""type"":""minimal_activity"",""severity"":""CRITICAL"",""confidence"":0.9803,""session_id"":""d74eb73f-0f9c-4540-bb0d-e58656d4a31c""}",,,2026-03-20 06:01:47.020517
2547c30e-22d5-4912-9122-53cea21a640c,abnormality_detected,078b8628-dcb3-4bbf-9a64-ce01557013a5,0ddb2567-a62d-4d27-a2da-47316d92245a,abnormality,create_abnormality,"{""type"":""rapid_paste"",""severity"":""CRITICAL"",""confidence"":0.8,""session_id"":""1947cb4f-414c-4b94-8bf8-b7de9cf2ebf2""}",,,2026-04-17 05:44:21.975767
25798ca6-21c8-480e-9f25-a4a5f137688e,abnormality_detected,1950dcfc-8839-4c50-ab2a-11a6f6c018ff,c30846fe-5256-442d-8d06-a72150f32ab1,abnormality,upsert_abnormality,"{""type"":""burst_then_idle"",""severity"":""CRITICAL"",""confidence"":0.7244,""session_id"":""f5783da6-6e4e-407e-9650-60847a360f63""}",,,2026-04-15 14:30:52.122688
25d49db4-571f-4641-a8fa-cdf606921196,abnormality_detected,0538b32c-c891-41bd-a82e-b150f09fc50e,de163820-d6fb-4d46-9f9e-81325aa9b6cc,abnormality,upsert_abnormality,"{""type"":""minimal_activity"",""severity"":""CRITICAL"",""confidence"":0.9869,""session_id"":""d74eb73f-0f9c-4540-bb0d-e58656d4a31c""}",,,2026-03-20 08:46:52.519077
25d49ed0-7cce-42f7-a037-77342eb7df3a,abnormality_detected,a1000000-0000-0000-0000-000000000001,9d06c686-b1c6-40dd-a206-5355c4adf0d8,abnormality,upsert_abnormality,"{""type"":""long_idle"",""severity"":""CRITICAL"",""confidence"":0.9169,""session_id"":""2876230b-c7d3-4806-9d66-e1e981584281""}",,,2026-03-19 17:09:28.422982
26179663-3979-4b32-9be6-c62d369f2eb7,user_login,078b8628-dcb3-4bbf-9a64-ce01557013a5,078b8628-dcb3-4bbf-9a64-ce01557013a5,employee,login,"{""role"":""admin""}",152.58.115.99,"Mozilla/5.0 (Windows NT 10.0; Win64; x64) AppleWebKit/537.36 (KHTML, like Gecko) Chrome/147.0.0.0 Safari/537.36",2026-04-17 10:33:40.175692
2667ec6e-c187-4eed-b6fb-46d41886c8da,abnormality_detected,0538b32c-c891-41bd-a82e-b150f09fc50e,de163820-d6fb-4d46-9f9e-81325aa9b6cc,abnormality,upsert_abnormality,"{""type"":""long_idle"",""severity"":""CRITICAL"",""confidence"":1,""session_id"":""d74eb73f-0f9c-4540-bb0d-e58656d4a31c""}",,,2026-03-20 05:46:22.317461
26ae1d7e-d57d-472d-b6f5-fe1584263fd2,abnormality_detected,e1000000-0000-0000-0000-000000000001,d8e4f049-19d0-46de-9a53-ef0e10c41f6c,abnormality,upsert_abnormality,"{""type"":""rapid_paste"",""severity"":""CRITICAL"",""confidence"":0.8,""session_id"":""59771728-842b-4577-9467-acd80a5b3f27""}",,,2026-03-19 10:30:50.468865
26b2faa0-ede9-4a1c-9005-cd01c9f0e1cf,abnormality_detected,0538b32c-c891-41bd-a82e-b150f09fc50e,de163820-d6fb-4d46-9f9e-81325aa9b6cc,abnormality,upsert_abnormality,"{""type"":""clock_in_clock_out"",""severity"":""CRITICAL"",""confidence"":0.9345,""session_id"":""d74eb73f-0f9c-4540-bb0d-e58656d4a31c""}",,,2026-03-20 06:07:01.52207
26c2079f-9cea-4169-9576-8bbe7df27ddc,abnormality_detected,e1000000-0000-0000-0000-000000000001,d8e4f049-19d0-46de-9a53-ef0e10c41f6c,abnormality,upsert_abnormality,"{""type"":""suspicious_paste"",""severity"":""CRITICAL"",""confidence"":0.99,""session_id"":""59771728-842b-4577-9467-acd80a5b3f27""}",,,2026-03-19 10:56:41.007287
2725f1b9-5a0a-42ee-af85-08f6d1999866,abnormality_detected,0538b32c-c891-41bd-a82e-b150f09fc50e,de163820-d6fb-4d46-9f9e-81325aa9b6cc,abnormality,upsert_abnormality,"{""type"":""clock_in_clock_out"",""severity"":""CRITICAL"",""confidence"":0.9345,""session_id"":""d74eb73f-0f9c-4540-bb0d-e58656d4a31c""}",,,2026-03-20 06:48:16.330086
285514a5-5d5c-4e6c-9cc3-13bf13f9af5e,user_login,60981727-cff3-4f24-865f-0917898bb71e,60981727-cff3-4f24-865f-0917898bb71e,employee,login,"{""role"":""employee""}",157.49.126.25,python-httpx/0.28.1,2026-04-16 14:07:58.939601
2890ac56-6af5-4b42-881a-9f15c5ff4380,abnormality_detected,0538b32c-c891-41bd-a82e-b150f09fc50e,de163820-d6fb-4d46-9f9e-81325aa9b6cc,abnormality,upsert_abnormality,"{""type"":""long_idle"",""severity"":""CRITICAL"",""confidence"":1,""session_id"":""d74eb73f-0f9c-4540-bb0d-e58656d4a31c""}",,,2026-03-20 08:21:06.123567
28d59510-e442-4f85-896c-62ad17cb590e,abnormality_detected,a1000000-0000-0000-0000-000000000001,4375674f-5ca0-4b26-a9ad-93b692b82519,abnormality,upsert_abnormality,"{""type"":""suspicious_paste"",""severity"":""CRITICAL"",""confidence"":0.99,""session_id"":""4b51c55d-bb0a-48b0-883a-1c927c283ce3""}",,,2026-03-18 16:24:49.378125
293c8cd1-f69a-4190-b11b-1a65c5fbcfad,abnormality_detected,e1000000-0000-0000-0000-000000000001,d8e4f049-19d0-46de-9a53-ef0e10c41f6c,abnormality,upsert_abnormality,"{""type"":""suspicious_paste"",""severity"":""CRITICAL"",""confidence"":0.99,""session_id"":""59771728-842b-4577-9467-acd80a5b3f27""}",,,2026-03-19 11:45:30.788347
2b1a35f2-306b-4662-be99-75bc5c587aca,abnormality_detected,0538b32c-c891-41bd-a82e-b150f09fc50e,de163820-d6fb-4d46-9f9e-81325aa9b6cc,abnormality,upsert_abnormality,"{""type"":""long_idle"",""severity"":""CRITICAL"",""confidence"":1,""session_id"":""d74eb73f-0f9c-4540-bb0d-e58656d4a31c""}",,,2026-03-20 08:31:25.639072
2b1df0fb-110a-4936-851c-424482d883c5,abnormality_detected,0538b32c-c891-41bd-a82e-b150f09fc50e,de163820-d6fb-4d46-9f9e-81325aa9b6cc,abnormality,upsert_abnormality,"{""type"":""minimal_activity"",""severity"":""CRITICAL"",""confidence"":0.9869,""session_id"":""d74eb73f-0f9c-4540-bb0d-e58656d4a31c""}",,,2026-03-20 10:14:42.820876
2b5de83a-82cf-4ab5-b8f8-76180ad93d63,user_login,7655942d-098c-472a-a03d-bb2d96e0450d,7655942d-098c-472a-a03d-bb2d96e0450d,employee,login,"{""role"":""admin""}",127.0.0.1,python-httpx/0.25.2,2026-04-13 11:56:49.259226
2c688e52-13d8-48eb-be48-88f534d378ae,user_login,60981727-cff3-4f24-865f-0917898bb71e,60981727-cff3-4f24-865f-0917898bb71e,employee,login,"{""role"":""employee""}",127.0.0.1,python-httpx/0.25.2,2026-04-14 17:01:38.507856
2d1e4eb6-1adf-4f09-ab71-c9a3b029fd00,login_failed,,0538b32c-c891-41bd-a82e-b150f09fc50e,employee,login_attempt_failed,"{""email"":""parikshit.rana@sentinel.com""}",127.0.0.1,,2026-04-14 17:36:33.851172
2d4badaa-75ef-4749-a11c-c89134ddede6,abnormality_detected,7655942d-098c-472a-a03d-bb2d96e0450d,6ab0b703-1d29-4bb2-9f85-f4c306e60b3a,abnormality,upsert_abnormality,"{""type"":""minimal_activity"",""severity"":""CRITICAL"",""confidence"":0.9273,""session_id"":""338522c7-0c75-4080-924d-45c242236239""}",,,2026-04-14 11:30:22.292106
2dbcfab1-777c-4c7a-b693-49f1a1a99504,user_login,0538b32c-c891-41bd-a82e-b150f09fc50e,0538b32c-c891-41bd-a82e-b150f09fc50e,employee,login,"{""role"":""employee""}",103.110.21.62,python-httpx/0.28.1,2026-05-07 17:18:13.081792
2dc37af9-b437-4f28-9d7e-7a540e04dd2d,abnormality_detected,1950dcfc-8839-4c50-ab2a-11a6f6c018ff,c30846fe-5256-442d-8d06-a72150f32ab1,abnormality,upsert_abnormality,"{""type"":""long_idle"",""severity"":""CRITICAL"",""confidence"":1,""session_id"":""f5783da6-6e4e-407e-9650-60847a360f63""}",,,2026-04-15 14:37:59.280656
2df3237d-ac76-4cd0-9764-521bb6df8972,password_force_reset,7655942d-098c-472a-a03d-bb2d96e0450d,1950dcfc-8839-4c50-ab2a-11a6f6c018ff,employee,admin_force_password_reset,"{""admin"":""7655942d-098c-472a-a03d-bb2d96e0450d""}",,,2026-04-16 07:25:51.171241
2eb9be44-0672-4b87-9595-8d97509f6e55,login_failed,,078b8628-dcb3-4bbf-9a64-ce01557013a5,employee,login_attempt_failed,"{""email"":""Rajat@sentinel.com""}",14.195.189.138,,2026-04-17 05:45:44.767661
2ef1b53f-afc0-4f13-bd39-12ee2e790eb6,abnormality_detected,0538b32c-c891-41bd-a82e-b150f09fc50e,de163820-d6fb-4d46-9f9e-81325aa9b6cc,abnormality,upsert_abnormality,"{""type"":""minimal_activity"",""severity"":""CRITICAL"",""confidence"":0.9869,""session_id"":""d74eb73f-0f9c-4540-bb0d-e58656d4a31c""}",,,2026-03-20 08:52:02.83553
2fa89e29-8bad-4bc0-b5ff-2f2b0e9bf55b,abnormality_detected,0538b32c-c891-41bd-a82e-b150f09fc50e,de163820-d6fb-4d46-9f9e-81325aa9b6cc,abnormality,upsert_abnormality,"{""type"":""long_idle"",""severity"":""CRITICAL"",""confidence"":1,""session_id"":""d74eb73f-0f9c-4540-bb0d-e58656d4a31c""}",,,2026-03-20 08:41:45.616568
2fd82aca-41af-4d46-8b96-6f02f82b42e1,abnormality_detected,0538b32c-c891-41bd-a82e-b150f09fc50e,de163820-d6fb-4d46-9f9e-81325aa9b6cc,abnormality,upsert_abnormality,"{""type"":""clock_in_clock_out"",""severity"":""CRITICAL"",""confidence"":0.9345,""session_id"":""d74eb73f-0f9c-4540-bb0d-e58656d4a31c""}",,,2026-03-20 09:48:59.420981
2ff60054-3c43-4b7e-a00d-778dbdc99433,abnormality_detected,0538b32c-c891-41bd-a82e-b150f09fc50e,de163820-d6fb-4d46-9f9e-81325aa9b6cc,abnormality,upsert_abnormality,"{""type"":""minimal_activity"",""severity"":""CRITICAL"",""confidence"":0.9869,""session_id"":""d74eb73f-0f9c-4540-bb0d-e58656d4a31c""}",,,2026-03-20 07:19:13.834375
30daffc5-4bf5-4113-b70e-01697119bfae,abnormality_detected,1950dcfc-8839-4c50-ab2a-11a6f6c018ff,c30846fe-5256-442d-8d06-a72150f32ab1,abnormality,upsert_abnormality,"{""type"":""burst_then_idle"",""severity"":""CRITICAL"",""confidence"":0.7244,""session_id"":""f5783da6-6e4e-407e-9650-60847a360f63""}",,,2026-04-15 14:19:38.268625
30e9f30b-4f55-4a7c-82c5-b0a5e4681baa,abnormality_detected,0538b32c-c891-41bd-a82e-b150f09fc50e,de163820-d6fb-4d46-9f9e-81325aa9b6cc,abnormality,upsert_abnormality,"{""type"":""clock_in_clock_out"",""severity"":""CRITICAL"",""confidence"":0.9345,""session_id"":""d74eb73f-0f9c-4540-bb0d-e58656d4a31c""}",,,2026-03-20 09:23:09.520997
311f0b82-2373-45c0-a48c-c60d403cf5e1,abnormality_detected,60981727-cff3-4f24-865f-0917898bb71e,1e1eb5c3-44fc-4aaf-90dd-1e5fb1a9ca2b,abnormality,upsert_abnormality,"{""type"":""suspicious_paste"",""severity"":""CRITICAL"",""confidence"":0.99,""session_id"":""40e3f459-2ebf-423f-b275-f3e6fc5e93b1""}",,,2026-04-14 11:42:47.692194
31820102-dc1b-43bb-a4fd-03aa4fe24f97,abnormality_detected,7655942d-098c-472a-a03d-bb2d96e0450d,b9910b71-d48d-476c-b119-5285eaa7eaeb,abnormality,upsert_abnormality,"{""type"":""keyboard_sitting"",""severity"":""CRITICAL"",""confidence"":0.95,""session_id"":""6e67c504-60af-452d-accd-8f1809395426""}",,,2026-03-19 15:30:15.391823
31911c4d-7271-4dbb-8bd4-6ee9a9431586,abnormality_detected,7655942d-098c-472a-a03d-bb2d96e0450d,4df113a9-b296-471b-9feb-a4120b569ec4,abnormality,upsert_abnormality,"{""type"":""long_idle"",""severity"":""CRITICAL"",""confidence"":1,""session_id"":""e32dd7ee-eb3b-4eed-99ba-658eeef3e1d8""}",,,2026-03-19 07:24:27.323852
31b196e9-622e-4010-9ac6-e19b54f45409,abnormality_detected,0538b32c-c891-41bd-a82e-b150f09fc50e,de163820-d6fb-4d46-9f9e-81325aa9b6cc,abnormality,upsert_abnormality,"{""type"":""clock_in_clock_out"",""severity"":""CRITICAL"",""confidence"":0.9345,""session_id"":""d74eb73f-0f9c-4540-bb0d-e58656d4a31c""}",,,2026-03-20 09:02:29.433634
32d35e17-1b14-4e20-978c-b5e7bce3c1e8,abnormality_detected,0538b32c-c891-41bd-a82e-b150f09fc50e,de163820-d6fb-4d46-9f9e-81325aa9b6cc,abnormality,upsert_abnormality,"{""type"":""long_idle"",""severity"":""CRITICAL"",""confidence"":1,""session_id"":""d74eb73f-0f9c-4540-bb0d-e58656d4a31c""}",,,2026-03-20 07:29:37.023754
33e12b9d-6452-443b-b167-adca5edc0c82,user_login,078b8628-dcb3-4bbf-9a64-ce01557013a5,078b8628-dcb3-4bbf-9a64-ce01557013a5,employee,login,"{""role"":""admin""}",43.230.107.58,"Mozilla/5.0 (Windows NT 10.0; Win64; x64) AppleWebKit/537.36 (KHTML, like Gecko) Chrome/147.0.0.0 Safari/537.36",2026-04-17 17:45:38.727857
34063fd9-79cd-498b-9060-f675ab71fe31,user_login,7655942d-098c-472a-a03d-bb2d96e0450d,7655942d-098c-472a-a03d-bb2d96e0450d,employee,login,"{""role"":""admin""}",152.58.115.99,python-httpx/0.28.1,2026-04-17 10:29:54.811033
3437b05e-a844-4ccd-aa4a-c0bc75fd5d1b,abnormality_detected,e1000000-0000-0000-0000-000000000001,d8e4f049-19d0-46de-9a53-ef0e10c41f6c,abnormality,upsert_abnormality,"{""type"":""suspicious_paste"",""severity"":""CRITICAL"",""confidence"":0.99,""session_id"":""59771728-842b-4577-9467-acd80a5b3f27""}",,,2026-03-19 10:41:09.883362
34402c18-3754-416b-bbf7-57b33939d0a6,appeal_submitted,0538b32c-c891-41bd-a82e-b150f09fc50e,3ab4a3f8-03b1-465d-8eba-f864783ab865,appeal,submit_appeal,"{""session_id"":""d74eb73f-0f9c-4540-bb0d-e58656d4a31c"",""reason_preview"":""Had to go for the annual meet""}",,,2026-03-21 09:20:32.98244
350b7ed5-cfb4-4ce1-8af4-daf928cc6ef8,abnormality_detected,60981727-cff3-4f24-865f-0917898bb71e,3fbe5620-dba5-4d8f-92ca-7d9470d4102c,abnormality,upsert_abnormality,"{""type"":""burst_then_idle"",""severity"":""CRITICAL"",""confidence"":0.7319,""session_id"":""575636eb-ee41-4a36-ba81-07f00c9394d1""}",,,2026-03-21 11:45:45.501749
35368d1a-0d39-4a0b-89a6-d7da9404813b,abnormality_detected,60981727-cff3-4f24-865f-0917898bb71e,2d5868a1-ff4c-4528-8665-efa6d531adeb,abnormality,upsert_abnormality,"{""type"":""suspicious_paste"",""severity"":""CRITICAL"",""confidence"":0.95,""session_id"":""012483d2-16b2-42cc-92a2-4a0841f37a1f""}",,,2026-04-14 17:12:30.897056
3563aa07-a260-421e-9b07-b9f18ad51854,login_failed,,a1000000-0000-0000-0000-000000000001,employee,login_attempt_failed,"{""email"":""arjun.sharma@sentinel.com""}",127.0.0.1,,2026-03-18 15:39:21.836592
35b458f1-1685-4179-be42-a9d1b7f8eaf2,user_login,7655942d-098c-472a-a03d-bb2d96e0450d,7655942d-098c-472a-a03d-bb2d96e0450d,employee,login,"{""role"":""admin""}",127.0.0.1,python-httpx/0.28.1,2026-04-16 11:07:42.830314
35cbd08e-b915-4b78-8ca4-df23254b8537,user_login,0538b32c-c891-41bd-a82e-b150f09fc50e,0538b32c-c891-41bd-a82e-b150f09fc50e,employee,login,"{""role"":""employee""}",103.155.140.67,"Mozilla/5.0 (Windows NT 10.0; Win64; x64) AppleWebKit/537.36 (KHTML, like Gecko) Chrome/146.0.0.0 Safari/537.36",2026-03-21 07:18:35.817764
3616559d-5638-41ab-ad8f-96c1af09598e,abnormality_detected,e1000000-0000-0000-0000-000000000001,d8e4f049-19d0-46de-9a53-ef0e10c41f6c,abnormality,upsert_abnormality,"{""type"":""long_idle"",""severity"":""CRITICAL"",""confidence"":1,""session_id"":""59771728-842b-4577-9467-acd80a5b3f27""}",,,2026-03-19 09:34:35.287931
365df948-28b7-4814-bbfc-dd0c1f10afed,abnormality_detected,e1000000-0000-0000-0000-000000000001,d8e4f049-19d0-46de-9a53-ef0e10c41f6c,abnormality,upsert_abnormality,"{""type"":""long_idle"",""severity"":""CRITICAL"",""confidence"":1,""session_id"":""59771728-842b-4577-9467-acd80a5b3f27""}",,,2026-03-19 10:41:05.19519
3669e47d-7a45-402a-aa76-b71a5ae46301,abnormality_detected,0538b32c-c891-41bd-a82e-b150f09fc50e,fa599360-c58c-4463-85bd-9b36c302570b,abnormality,upsert_abnormality,"{""type"":""rapid_paste"",""severity"":""CRITICAL"",""confidence"":0.8,""session_id"":""6df05c83-b8f6-43a3-8660-7856124405f0""}",,,2026-04-14 17:37:44.167077
36fb6397-d3da-49b1-b90a-8435c2307d95,abnormality_detected,1950dcfc-8839-4c50-ab2a-11a6f6c018ff,c30846fe-5256-442d-8d06-a72150f32ab1,abnormality,upsert_abnormality,"{""type"":""rapid_paste"",""severity"":""CRITICAL"",""confidence"":0.8,""session_id"":""f5783da6-6e4e-407e-9650-60847a360f63""}",,,2026-04-14 18:10:02.045862
3719b962-e299-41e2-86a5-d9452beb789f,user_login,7655942d-098c-472a-a03d-bb2d96e0450d,7655942d-098c-472a-a03d-bb2d96e0450d,employee,login,"{""role"":""admin""}",103.155.140.67,"Mozilla/5.0 (Windows NT 10.0; Win64; x64) AppleWebKit/537.36 (KHTML, like Gecko) Chrome/146.0.0.0 Safari/537.36",2026-03-20 17:30:40.92576
3721b110-4350-4eeb-a225-864cfb98c6fa,flag_reviewed,078b8628-dcb3-4bbf-9a64-ce01557013a5,91a97f9e-c93b-42f0-bce9-172796794200,abnormality,review_escalated,"{""decision"":""escalated"",""severity"":""HIGH"",""session_id"":""69f8fd2b-950e-403e-a7e9-750520ef9a94"",""abnormality_id"":""c4e17fcc-b87b-4eba-90c9-314c04cb21bd""}",,,2026-04-17 18:29:51.314764
37400622-d2c5-419e-aa24-fac9c9370a04,user_login,7655942d-098c-472a-a03d-bb2d96e0450d,7655942d-098c-472a-a03d-bb2d96e0450d,employee,login,"{""role"":""admin""}",103.155.140.67,"Mozilla/5.0 (Linux; Android 6.0; Nexus 5 Build/MRA58N) AppleWebKit/537.36 (KHTML, like Gecko) Chrome/146.0.0.0 Mobile Safari/537.36",2026-03-20 16:54:13.129862
378e4f6b-bb74-4e53-b87a-11ad215a37dc,session_ended,e1000000-0000-0000-0000-000000000001,59771728-842b-4577-9467-acd80a5b3f27,session,end_session,"{""status"":""incomplete"",""lunch_taken"":true,""work_minutes"":152,""break_minutes"":40}",,,2026-03-19 12:16:59.521217
37b57d60-0f0c-425a-bcd5-3c23a100c99d,session_started,1950dcfc-8839-4c50-ab2a-11a6f6c018ff,d0aca746-b1bf-4c30-a962-eead4b62a015,session,start_session,"{""start_time"":""2026-04-15T17:35:47.191434""}",,,2026-04-15 17:35:09.087763
38278ce8-02bb-4882-803b-15d5d9e9bc98,user_login,7655942d-098c-472a-a03d-bb2d96e0450d,7655942d-098c-472a-a03d-bb2d96e0450d,employee,login,"{""role"":""admin""}",127.0.0.1,python-httpx/0.25.2,2026-04-14 16:56:48.354389
384d4212-b4b0-4095-9b90-184d84526888,abnormality_detected,7655942d-098c-472a-a03d-bb2d96e0450d,4df113a9-b296-471b-9feb-a4120b569ec4,abnormality,upsert_abnormality,"{""type"":""suspicious_paste"",""severity"":""CRITICAL"",""confidence"":0.99,""session_id"":""e32dd7ee-eb3b-4eed-99ba-658eeef3e1d8""}",,,2026-03-19 07:29:29.448232
384d4a7b-e803-4655-a5e2-fe349ababe68,abnormality_detected,7655942d-098c-472a-a03d-bb2d96e0450d,4df113a9-b296-471b-9feb-a4120b569ec4,abnormality,upsert_abnormality,"{""type"":""suspicious_paste"",""severity"":""CRITICAL"",""confidence"":0.99,""session_id"":""e32dd7ee-eb3b-4eed-99ba-658eeef3e1d8""}",,,2026-03-19 06:54:07.271482
396ed5bf-d0c2-4be2-9f86-85c05349fc27,abnormality_detected,0538b32c-c891-41bd-a82e-b150f09fc50e,de163820-d6fb-4d46-9f9e-81325aa9b6cc,abnormality,upsert_abnormality,"{""type"":""minimal_activity"",""severity"":""CRITICAL"",""confidence"":0.96,""session_id"":""d74eb73f-0f9c-4540-bb0d-e58656d4a31c""}",,,2026-03-20 05:25:43.503181
3984fdf3-afa9-43d6-8d5c-b5c9943ce259,abnormality_detected,7655942d-098c-472a-a03d-bb2d96e0450d,4df113a9-b296-471b-9feb-a4120b569ec4,abnormality,upsert_abnormality,"{""type"":""suspicious_paste"",""severity"":""CRITICAL"",""confidence"":0.99,""session_id"":""e32dd7ee-eb3b-4eed-99ba-658eeef3e1d8""}",,,2026-03-19 07:19:22.853787
39c9aa2e-5132-4a60-b7f1-066bf3d2b781,abnormality_detected,e1000000-0000-0000-0000-000000000001,d8e4f049-19d0-46de-9a53-ef0e10c41f6c,abnormality,upsert_abnormality,"{""type"":""minimal_activity"",""severity"":""CRITICAL"",""confidence"":1,""session_id"":""59771728-842b-4577-9467-acd80a5b3f27""}",,,2026-03-19 10:56:39.123274
39d24bbf-e65e-4be4-aae2-b7d645640d6e,session_ended,0538b32c-c891-41bd-a82e-b150f09fc50e,6df05c83-b8f6-43a3-8660-7856124405f0,session,end_session,"{""status"":""incomplete"",""lunch_taken"":false,""work_minutes"":17,""break_minutes"":0}",,,2026-04-14 17:54:33.608681
3a20dd3c-8530-406d-8c76-ac4cfee12e8c,abnormality_detected,e1000000-0000-0000-0000-000000000001,d8e4f049-19d0-46de-9a53-ef0e10c41f6c,abnormality,upsert_abnormality,"{""type"":""long_idle"",""severity"":""CRITICAL"",""confidence"":1,""session_id"":""59771728-842b-4577-9467-acd80a5b3f27""}",,,2026-03-19 12:16:49.856521
3a3c5e90-fcef-4ea8-aa15-0a113c8646cf,login_failed,,7655942d-098c-472a-a03d-bb2d96e0450d,employee,login_attempt_failed,"{""email"":""pvats469@gmail.com""}",152.58.123.65,,2026-04-18 05:13:01.991773
3a7b3b1d-f75b-4f26-af13-81f5ded552c5,abnormality_detected,60981727-cff3-4f24-865f-0917898bb71e,3fbe5620-dba5-4d8f-92ca-7d9470d4102c,abnormality,upsert_abnormality,"{""type"":""long_idle"",""severity"":""CRITICAL"",""confidence"":1,""session_id"":""575636eb-ee41-4a36-ba81-07f00c9394d1""}",,,2026-03-21 10:35:09.292532
3a968f43-8577-4036-af2a-c27905e230a3,abnormality_detected,0538b32c-c891-41bd-a82e-b150f09fc50e,fa599360-c58c-4463-85bd-9b36c302570b,abnormality,upsert_abnormality,"{""type"":""long_idle"",""severity"":""CRITICAL"",""confidence"":1,""session_id"":""6df05c83-b8f6-43a3-8660-7856124405f0""}",,,2026-04-14 17:54:32.138363
3b6bb38b-4e51-440a-9139-5dc1d63404e2,abnormality_detected,0538b32c-c891-41bd-a82e-b150f09fc50e,de163820-d6fb-4d46-9f9e-81325aa9b6cc,abnormality,upsert_abnormality,"{""type"":""minimal_activity"",""severity"":""CRITICAL"",""confidence"":0.9869,""session_id"":""d74eb73f-0f9c-4540-bb0d-e58656d4a31c""}",,,2026-03-20 08:41:42.534655
3b7693e3-5ec7-4e5a-94ff-d0f9ea377559,abnormality_detected,e1000000-0000-0000-0000-000000000001,d8e4f049-19d0-46de-9a53-ef0e10c41f6c,abnormality,upsert_abnormality,"{""type"":""minimal_activity"",""severity"":""CRITICAL"",""confidence"":1,""session_id"":""59771728-842b-4577-9467-acd80a5b3f27""}",,,2026-03-19 09:29:33.600085
3bf38433-06c3-45ad-b314-e01203eb4818,user_login,7655942d-098c-472a-a03d-bb2d96e0450d,7655942d-098c-472a-a03d-bb2d96e0450d,employee,login,"{""role"":""admin""}",103.155.140.67,"Mozilla/5.0 (Windows NT 10.0; Win64; x64) AppleWebKit/537.36 (KHTML, like Gecko) Chrome/146.0.0.0 Safari/537.36",2026-03-21 06:16:24.158919
3c15527b-0756-45fa-a7d9-5127ee5b8a3d,abnormality_detected,7655942d-098c-472a-a03d-bb2d96e0450d,07f2a2f3-ac91-4a57-8418-6f81883c3214,abnormality,create_abnormality,"{""type"":""suspicious_paste"",""severity"":""CRITICAL"",""confidence"":0.99,""session_id"":""558af15d-e36f-4a97-ac39-80dcfd0cd293""}",,,2026-04-18 04:54:52.722372
3ceb8041-4638-4824-9cb1-ea4ba1ea3e91,user_login,7655942d-098c-472a-a03d-bb2d96e0450d,7655942d-098c-472a-a03d-bb2d96e0450d,employee,login,"{""role"":""admin""}",103.155.140.67,"Mozilla/5.0 (Windows NT 10.0; Win64; x64) AppleWebKit/537.36 (KHTML, like Gecko) Chrome/146.0.0.0 Safari/537.36",2026-03-20 17:02:32.648565
3d215105-ee1f-4c0e-978f-12f6d0483c04,user_login,a1000000-0000-0000-0000-000000000001,a1000000-0000-0000-0000-000000000001,employee,login,"{""role"":""admin""}",127.0.0.1,"Mozilla/5.0 (Windows NT 10.0; Win64; x64) AppleWebKit/537.36 (KHTML, like Gecko) Chrome/146.0.0.0 Safari/537.36",2026-03-18 16:22:03.775877
3dd6d7b9-da35-4eb0-b31c-61fe7a180f95,user_login,1950dcfc-8839-4c50-ab2a-11a6f6c018ff,1950dcfc-8839-4c50-ab2a-11a6f6c018ff,employee,login,"{""role"":""employee""}",127.0.0.1,python-httpx/0.28.1,2026-04-16 07:26:25.931159
3e865a1b-de60-41e2-bbf0-d3caea42cabf,abnormality_detected,7655942d-098c-472a-a03d-bb2d96e0450d,f068856c-028c-4ecb-b709-3dfd6f1ae906,abnormality,upsert_abnormality,"{""type"":""paste_heavy_work"",""severity"":""CRITICAL"",""confidence"":1,""session_id"":""de0138bc-594b-446f-bece-64131313ad77""}",,,2026-04-14 12:11:51.526827
3f134ec5-3238-4585-83c2-cc067a1be59c,abnormality_detected,a1000000-0000-0000-0000-000000000001,9d06c686-b1c6-40dd-a206-5355c4adf0d8,abnormality,upsert_abnormality,"{""type"":""long_idle"",""severity"":""HIGH"",""confidence"":0.9169,""session_id"":""2876230b-c7d3-4806-9d66-e1e981584281""}",,,2026-03-19 17:07:56.148975
3f862c66-0f28-47c8-9402-d37400837c4c,abnormality_detected,0538b32c-c891-41bd-a82e-b150f09fc50e,fa599360-c58c-4463-85bd-9b36c302570b,abnormality,create_abnormality,"{""type"":""suspicious_paste"",""severity"":""CRITICAL"",""confidence"":0.99,""session_id"":""6df05c83-b8f6-43a3-8660-7856124405f0""}",,,2026-04-14 17:37:42.994326
401236fa-ce5d-41a1-ba29-d37dcd5f0fe6,abnormality_detected,1950dcfc-8839-4c50-ab2a-11a6f6c018ff,c30846fe-5256-442d-8d06-a72150f32ab1,abnormality,upsert_abnormality,"{""type"":""long_idle"",""severity"":""CRITICAL"",""confidence"":1,""session_id"":""f5783da6-6e4e-407e-9650-60847a360f63""}",,,2026-04-14 18:01:13.354116
406bbccd-6943-4bff-aa8c-038b5e597197,abnormality_detected,7655942d-098c-472a-a03d-bb2d96e0450d,4df113a9-b296-471b-9feb-a4120b569ec4,abnormality,create_abnormality,"{""type"":""suspicious_paste"",""severity"":""CRITICAL"",""confidence"":0.99,""session_id"":""e32dd7ee-eb3b-4eed-99ba-658eeef3e1d8""}",,,2026-03-19 06:44:02.510861
40aadacc-a092-413c-bbd3-c78ec49890d5,abnormality_detected,1950dcfc-8839-4c50-ab2a-11a6f6c018ff,c30846fe-5256-442d-8d06-a72150f32ab1,abnormality,upsert_abnormality,"{""type"":""suspicious_paste"",""severity"":""CRITICAL"",""confidence"":0.99,""session_id"":""f5783da6-6e4e-407e-9650-60847a360f63""}",,,2026-04-15 14:35:54.413938
40aaedba-a298-4344-9cc7-450468128b88,abnormality_detected,7655942d-098c-472a-a03d-bb2d96e0450d,6ab0b703-1d29-4bb2-9f85-f4c306e60b3a,abnormality,upsert_abnormality,"{""type"":""keyboard_sitting"",""severity"":""CRITICAL"",""confidence"":1,""session_id"":""338522c7-0c75-4080-924d-45c242236239""}",,,2026-04-14 11:25:19.738907
40d5bd14-739b-431b-9d93-7d68d7791483,abnormality_detected,0538b32c-c891-41bd-a82e-b150f09fc50e,de163820-d6fb-4d46-9f9e-81325aa9b6cc,abnormality,upsert_abnormality,"{""type"":""clock_in_clock_out"",""severity"":""CRITICAL"",""confidence"":0.9345,""session_id"":""d74eb73f-0f9c-4540-bb0d-e58656d4a31c""}",,,2026-03-20 07:39:59.500001
413b7b69-e28a-4d00-bd62-8fcedb513bdb,session_started,e1000000-0000-0000-0000-000000000002,8d7765fe-dd54-49f6-91a4-a43ecf10fa8d,session,start_session,"{""start_time"":""2026-03-19T18:05:16.495865""}",,,2026-03-19 18:05:17.513179
4200f065-390b-49e9-b927-48e6bbba9c7e,abnormality_detected,e1000000-0000-0000-0000-000000000001,d8e4f049-19d0-46de-9a53-ef0e10c41f6c,abnormality,upsert_abnormality,"{""type"":""minimal_activity"",""severity"":""CRITICAL"",""confidence"":1,""session_id"":""59771728-842b-4577-9467-acd80a5b3f27""}",,,2026-03-19 10:21:46.624807
423d82fc-4bed-419e-80b3-db35abc5b7d6,user_login,60981727-cff3-4f24-865f-0917898bb71e,60981727-cff3-4f24-865f-0917898bb71e,employee,login,"{""role"":""employee""}",148.113.211.163,python-httpx/0.25.2,2026-03-20 04:38:23.612868
42cb304e-f8b1-404a-a375-158ca40b85fc,abnormality_detected,0538b32c-c891-41bd-a82e-b150f09fc50e,de163820-d6fb-4d46-9f9e-81325aa9b6cc,abnormality,upsert_abnormality,"{""type"":""long_idle"",""severity"":""CRITICAL"",""confidence"":1,""session_id"":""d74eb73f-0f9c-4540-bb0d-e58656d4a31c""}",,,2026-03-20 07:03:47.901939
42dd493d-2c21-46f1-9e97-7c90586cd970,abnormality_detected,e1000000-0000-0000-0000-000000000001,d8e4f049-19d0-46de-9a53-ef0e10c41f6c,abnormality,upsert_abnormality,"{""type"":""suspicious_paste"",""severity"":""CRITICAL"",""confidence"":0.99,""session_id"":""59771728-842b-4577-9467-acd80a5b3f27""}",,,2026-03-19 10:11:40.796458
4354dc34-60d0-4fe4-a697-545b18d02f0a,abnormality_detected,e1000000-0000-0000-0000-000000000001,d8e4f049-19d0-46de-9a53-ef0e10c41f6c,abnormality,upsert_abnormality,"{""type"":""long_idle"",""severity"":""CRITICAL"",""confidence"":1,""session_id"":""59771728-842b-4577-9467-acd80a5b3f27""}",,,2026-03-19 10:46:16.075498
43631cae-effb-4b08-b233-4e7b3235b25a,abnormality_detected,0538b32c-c891-41bd-a82e-b150f09fc50e,de163820-d6fb-4d46-9f9e-81325aa9b6cc,abnormality,upsert_abnormality,"{""type"":""clock_in_clock_out"",""severity"":""CRITICAL"",""confidence"":0.9345,""session_id"":""d74eb73f-0f9c-4540-bb0d-e58656d4a31c""}",,,2026-03-20 06:22:29.107767
43859581-11ef-4c6b-9f95-3dedad51b640,user_login,1950dcfc-8839-4c50-ab2a-11a6f6c018ff,1950dcfc-8839-4c50-ab2a-11a6f6c018ff,employee,login,"{""role"":""employee""}",157.49.113.249,"Mozilla/5.0 (Linux; Android 10; K) AppleWebKit/537.36 (KHTML, like Gecko) Chrome/147.0.0.0 Mobile Safari/537.36",2026-04-16 10:16:40.325631
438d71ce-594a-44d0-be91-5ad342f0b39d,abnormality_detected,0538b32c-c891-41bd-a82e-b150f09fc50e,de163820-d6fb-4d46-9f9e-81325aa9b6cc,abnormality,upsert_abnormality,"{""type"":""long_idle"",""severity"":""CRITICAL"",""confidence"":1,""session_id"":""d74eb73f-0f9c-4540-bb0d-e58656d4a31c""}",,,2026-03-20 07:34:47.005545
448d56a2-84d3-43cb-839b-23585e187213,abnormality_detected,0538b32c-c891-41bd-a82e-b150f09fc50e,de163820-d6fb-4d46-9f9e-81325aa9b6cc,abnormality,upsert_abnormality,"{""type"":""long_idle"",""severity"":""CRITICAL"",""confidence"":1,""session_id"":""d74eb73f-0f9c-4540-bb0d-e58656d4a31c""}",,,2026-03-20 08:52:05.850768
44b8adc8-c018-43ed-95ac-9c189502074f,abnormality_detected,7655942d-098c-472a-a03d-bb2d96e0450d,58e08ea4-bd4e-4d8f-b432-4b2923ba8c25,abnormality,upsert_abnormality,"{""type"":""rapid_paste"",""severity"":""CRITICAL"",""confidence"":0.8,""session_id"":""4ec792a0-5def-4a45-9b48-36c1af01be31""}",,,2026-04-16 12:57:45.065666
44eaf6b6-e1f3-49ff-b86f-7c1afaca5c8c,user_login,0538b32c-c891-41bd-a82e-b150f09fc50e,0538b32c-c891-41bd-a82e-b150f09fc50e,employee,login,"{""role"":""employee""}",103.155.140.67,"Mozilla/5.0 (Windows NT 10.0; Win64; x64) AppleWebKit/537.36 (KHTML, like Gecko) Chrome/146.0.0.0 Safari/537.36",2026-03-21 07:17:39.905742
455fa0cd-a7ef-4546-be4b-be56d5a67b4e,abnormality_detected,078b8628-dcb3-4bbf-9a64-ce01557013a5,0ddb2567-a62d-4d27-a2da-47316d92245a,abnormality,upsert_abnormality,"{""type"":""rapid_paste"",""severity"":""CRITICAL"",""confidence"":0.8,""session_id"":""1947cb4f-414c-4b94-8bf8-b7de9cf2ebf2""}",,,2026-04-17 05:44:56.765168
45bdc435-a330-45bb-a7fe-7430f82104be,abnormality_detected,1950dcfc-8839-4c50-ab2a-11a6f6c018ff,89351406-d13e-4666-9f75-6fe6028d597d,abnormality,upsert_abnormality,"{""type"":""suspicious_paste"",""severity"":""CRITICAL"",""confidence"":0.99,""session_id"":""d0aca746-b1bf-4c30-a962-eead4b62a015""}",,,2026-04-15 18:37:12.83595
462a4ff3-95fc-4c56-93a5-5029022bb6e0,abnormality_detected,7655942d-098c-472a-a03d-bb2d96e0450d,b9910b71-d48d-476c-b119-5285eaa7eaeb,abnormality,upsert_abnormality,"{""type"":""rapid_paste"",""severity"":""CRITICAL"",""confidence"":0.8,""session_id"":""6e67c504-60af-452d-accd-8f1809395426""}",,,2026-03-19 15:30:06.286234
4674e438-ccd1-4351-9e57-2187fcb94a37,abnormality_detected,7655942d-098c-472a-a03d-bb2d96e0450d,b9910b71-d48d-476c-b119-5285eaa7eaeb,abnormality,upsert_abnormality,"{""type"":""keyboard_sitting"",""severity"":""CRITICAL"",""confidence"":0.95,""session_id"":""6e67c504-60af-452d-accd-8f1809395426""}",,,2026-03-19 15:43:55.837515
4676ca88-f1e2-4001-a6fd-68d746e9e332,abnormality_detected,e1000000-0000-0000-0000-000000000001,d8e4f049-19d0-46de-9a53-ef0e10c41f6c,abnormality,upsert_abnormality,"{""type"":""suspicious_paste"",""severity"":""CRITICAL"",""confidence"":0.99,""session_id"":""59771728-842b-4577-9467-acd80a5b3f27""}",,,2026-03-19 11:29:54.803492
47208587-a869-4419-baeb-aaae414ab11b,abnormality_detected,e1000000-0000-0000-0000-000000000001,d8e4f049-19d0-46de-9a53-ef0e10c41f6c,abnormality,upsert_abnormality,"{""type"":""suspicious_paste"",""severity"":""CRITICAL"",""confidence"":0.99,""session_id"":""59771728-842b-4577-9467-acd80a5b3f27""}",,,2026-03-19 10:46:19.928102
475ed21d-c421-42ba-965b-ad1f121fb239,abnormality_detected,0538b32c-c891-41bd-a82e-b150f09fc50e,de163820-d6fb-4d46-9f9e-81325aa9b6cc,abnormality,upsert_abnormality,"{""type"":""minimal_activity"",""severity"":""CRITICAL"",""confidence"":0.9869,""session_id"":""d74eb73f-0f9c-4540-bb0d-e58656d4a31c""}",,,2026-03-20 07:14:03.740373
4761c9c5-b9e6-42e3-8a73-5e10b2c3f1d4,abnormality_detected,e1000000-0000-0000-0000-000000000001,d8e4f049-19d0-46de-9a53-ef0e10c41f6c,abnormality,upsert_abnormality,"{""type"":""suspicious_paste"",""severity"":""CRITICAL"",""confidence"":0.99,""session_id"":""59771728-842b-4577-9467-acd80a5b3f27""}",,,2026-03-19 10:35:59.95339
47b29c61-bf49-4414-82f3-f692095a86a6,abnormality_detected,1950dcfc-8839-4c50-ab2a-11a6f6c018ff,c30846fe-5256-442d-8d06-a72150f32ab1,abnormality,upsert_abnormality,"{""type"":""long_idle"",""severity"":""CRITICAL"",""confidence"":1,""session_id"":""f5783da6-6e4e-407e-9650-60847a360f63""}",,,2026-04-15 14:27:46.574232
48054b21-00b2-4a91-b272-d7f65a312684,user_login,60981727-cff3-4f24-865f-0917898bb71e,60981727-cff3-4f24-865f-0917898bb71e,employee,login,"{""role"":""employee""}",103.155.140.67,python-httpx/0.25.2,2026-03-21 10:09:37.107668
48116459-0d8e-4cf9-bbf7-b028f981580e,session_ended,7655942d-098c-472a-a03d-bb2d96e0450d,ab585872-f305-441e-a0e4-1f10227bdf7a,session,end_session,"{""status"":""incomplete"",""lunch_taken"":false,""work_minutes"":0,""break_minutes"":0}",,,2026-04-18 04:29:31.193511
48d86614-81a5-45a8-9564-916c6120d326,abnormality_detected,1950dcfc-8839-4c50-ab2a-11a6f6c018ff,c30846fe-5256-442d-8d06-a72150f32ab1,abnormality,upsert_abnormality,"{""type"":""suspicious_paste"",""severity"":""CRITICAL"",""confidence"":0.99,""session_id"":""f5783da6-6e4e-407e-9650-60847a360f63""}",,,2026-04-15 13:24:47.015267
4934d188-0321-4ddb-9ecd-c97843d66f19,abnormality_detected,e1000000-0000-0000-0000-000000000001,d8e4f049-19d0-46de-9a53-ef0e10c41f6c,abnormality,upsert_abnormality,"{""type"":""superhuman_speed"",""severity"":""CRITICAL"",""confidence"":1,""session_id"":""59771728-842b-4577-9467-acd80a5b3f27""}",,,2026-03-19 10:56:44.566116
494760b9-576e-4572-bd87-098da9c2411c,abnormality_detected,0538b32c-c891-41bd-a82e-b150f09fc50e,de163820-d6fb-4d46-9f9e-81325aa9b6cc,abnormality,upsert_abnormality,"{""type"":""clock_in_clock_out"",""severity"":""CRITICAL"",""confidence"":0.9345,""session_id"":""d74eb73f-0f9c-4540-bb0d-e58656d4a31c""}",,,2026-03-20 06:37:57.812519
49afffee-95db-43a7-8e16-a0fb1e3a115e,abnormality_detected,7655942d-098c-472a-a03d-bb2d96e0450d,4df113a9-b296-471b-9feb-a4120b569ec4,abnormality,upsert_abnormality,"{""type"":""long_idle"",""severity"":""CRITICAL"",""confidence"":1,""session_id"":""e32dd7ee-eb3b-4eed-99ba-658eeef3e1d8""}",,,2026-03-19 08:43:48.606447
4a83e562-70c9-406f-a40e-d68f286055ae,abnormality_detected,7655942d-098c-472a-a03d-bb2d96e0450d,6ab0b703-1d29-4bb2-9f85-f4c306e60b3a,abnormality,upsert_abnormality,"{""type"":""minimal_activity"",""severity"":""CRITICAL"",""confidence"":0.9273,""session_id"":""338522c7-0c75-4080-924d-45c242236239""}",,,2026-04-14 11:30:24.001039
4b035321-ab76-4eca-a6fc-db6a1e0c6cb0,abnormality_detected,0538b32c-c891-41bd-a82e-b150f09fc50e,de163820-d6fb-4d46-9f9e-81325aa9b6cc,abnormality,upsert_abnormality,"{""type"":""clock_in_clock_out"",""severity"":""CRITICAL"",""confidence"":0.9345,""session_id"":""d74eb73f-0f9c-4540-bb0d-e58656d4a31c""}",,,2026-03-20 05:46:25.002791
4b4e7d48-afdd-46fd-b4e4-43053eb3f784,abnormality_detected,1950dcfc-8839-4c50-ab2a-11a6f6c018ff,c30846fe-5256-442d-8d06-a72150f32ab1,abnormality,upsert_abnormality,"{""type"":""long_idle"",""severity"":""CRITICAL"",""confidence"":1,""session_id"":""f5783da6-6e4e-407e-9650-60847a360f63""}",,,2026-04-14 18:05:54.557858
4b8aee2f-4221-4f96-bc1d-a4e8e3f7a90b,abnormality_detected,1950dcfc-8839-4c50-ab2a-11a6f6c018ff,c30846fe-5256-442d-8d06-a72150f32ab1,abnormality,upsert_abnormality,"{""type"":""suspicious_paste"",""severity"":""CRITICAL"",""confidence"":0.99,""session_id"":""f5783da6-6e4e-407e-9650-60847a360f63""}",,,2026-04-15 14:37:57.528421
4bc9e1c6-81cb-4473-8507-9e730e664f73,abnormality_detected,7655942d-098c-472a-a03d-bb2d96e0450d,6ab0b703-1d29-4bb2-9f85-f4c306e60b3a,abnormality,upsert_abnormality,"{""type"":""long_idle"",""severity"":""CRITICAL"",""confidence"":1,""session_id"":""338522c7-0c75-4080-924d-45c242236239""}",,,2026-04-14 11:30:23.650223
4c255c62-fe35-4f66-a2a2-4f110266c40d,abnormality_detected,7655942d-098c-472a-a03d-bb2d96e0450d,58e08ea4-bd4e-4d8f-b432-4b2923ba8c25,abnormality,upsert_abnormality,"{""type"":""rapid_paste"",""severity"":""CRITICAL"",""confidence"":0.8,""session_id"":""4ec792a0-5def-4a45-9b48-36c1af01be31""}",,,2026-04-16 13:05:02.840123
4c53a9a9-3ffd-4eff-bd63-692e45a6da74,abnormality_detected,e1000000-0000-0000-0000-000000000001,d8e4f049-19d0-46de-9a53-ef0e10c41f6c,abnormality,upsert_abnormality,"{""type"":""superhuman_speed"",""severity"":""CRITICAL"",""confidence"":1,""session_id"":""59771728-842b-4577-9467-acd80a5b3f27""}",,,2026-03-19 10:21:50.889318
4c65b33f-191c-4e9f-a293-fa1145b20acf,abnormality_detected,078b8628-dcb3-4bbf-9a64-ce01557013a5,0ddb2567-a62d-4d27-a2da-47316d92245a,abnormality,upsert_abnormality,"{""type"":""paste_heavy_work"",""severity"":""CRITICAL"",""confidence"":1,""session_id"":""1947cb4f-414c-4b94-8bf8-b7de9cf2ebf2""}",,,2026-04-17 05:44:59.260867
4c7fdb93-b54e-4e88-b9af-79a1c0abc6cc,abnormality_detected,7655942d-098c-472a-a03d-bb2d96e0450d,07f2a2f3-ac91-4a57-8418-6f81883c3214,abnormality,upsert_abnormality,"{""type"":""suspicious_paste"",""severity"":""CRITICAL"",""confidence"":0.99,""session_id"":""558af15d-e36f-4a97-ac39-80dcfd0cd293""}",,,2026-04-18 04:56:56.097963
4d6be49f-e4b9-435d-bd9c-1d0913c3458e,user_login,7655942d-098c-472a-a03d-bb2d96e0450d,7655942d-098c-472a-a03d-bb2d96e0450d,employee,login,"{""role"":""admin""}",127.0.0.1,"Mozilla/5.0 (Windows NT 10.0; Win64; x64) AppleWebKit/537.36 (KHTML, like Gecko) Chrome/147.0.0.0 Safari/537.36",2026-04-15 17:36:02.161065
4dba558e-7b62-4922-b35b-a24f84c71116,abnormality_detected,0538b32c-c891-41bd-a82e-b150f09fc50e,de163820-d6fb-4d46-9f9e-81325aa9b6cc,abnormality,upsert_abnormality,"{""type"":""minimal_activity"",""severity"":""CRITICAL"",""confidence"":0.9861,""session_id"":""d74eb73f-0f9c-4540-bb0d-e58656d4a31c""}",,,2026-03-20 06:27:33.133521
4e40249a-ee2f-43aa-af76-fbda0bab4099,abnormality_detected,e1000000-0000-0000-0000-000000000001,d8e4f049-19d0-46de-9a53-ef0e10c41f6c,abnormality,upsert_abnormality,"{""type"":""rapid_paste"",""severity"":""CRITICAL"",""confidence"":0.8,""session_id"":""59771728-842b-4577-9467-acd80a5b3f27""}",,,2026-03-19 11:35:09.701822
4e56df11-9978-4db6-af7d-6891099699d8,user_login,a1000000-0000-0000-0000-000000000001,a1000000-0000-0000-0000-000000000001,employee,login,"{""ip"":""192.168.1.10""}",,,2026-03-18 07:35:13.182368
4e61cdcf-46e2-4ec4-9c80-97b38da0b887,abnormality_detected,e1000000-0000-0000-0000-000000000001,d8e4f049-19d0-46de-9a53-ef0e10c41f6c,abnormality,upsert_abnormality,"{""type"":""minimal_activity"",""severity"":""CRITICAL"",""confidence"":1,""session_id"":""59771728-842b-4577-9467-acd80a5b3f27""}",,,2026-03-19 10:51:27.647468
4ea12f3d-05dc-4196-a13e-ff16a47f6206,abnormality_detected,0538b32c-c891-41bd-a82e-b150f09fc50e,de163820-d6fb-4d46-9f9e-81325aa9b6cc,abnormality,upsert_abnormality,"{""type"":""long_idle"",""severity"":""CRITICAL"",""confidence"":1,""session_id"":""d74eb73f-0f9c-4540-bb0d-e58656d4a31c""}",,,2026-03-20 08:00:26.113606
4ebdccbb-c551-49b0-8c05-adf230b510db,abnormality_detected,0538b32c-c891-41bd-a82e-b150f09fc50e,de163820-d6fb-4d46-9f9e-81325aa9b6cc,abnormality,upsert_abnormality,"{""type"":""long_idle"",""severity"":""CRITICAL"",""confidence"":1,""session_id"":""d74eb73f-0f9c-4540-bb0d-e58656d4a31c""}",,,2026-03-20 09:54:06.233993
4f1e34f6-1f78-4d8a-ac03-6b7918b8bfd1,abnormality_detected,e1000000-0000-0000-0000-000000000001,d8e4f049-19d0-46de-9a53-ef0e10c41f6c,abnormality,upsert_abnormality,"{""type"":""suspicious_paste"",""severity"":""CRITICAL"",""confidence"":0.99,""session_id"":""59771728-842b-4577-9467-acd80a5b3f27""}",,,2026-03-19 11:52:05.474223
4f7428b2-0617-4a4f-82dc-f0e045f7c7b7,leave_reviewed,7655942d-098c-472a-a03d-bb2d96e0450d,1950dcfc-8839-4c50-ab2a-11a6f6c018ff,leave,leave_rejected,"{""decision"":""rejected"",""leave_id"":""835bd3fd-ce70-4fe7-9d9a-3ad1b77ce3b8"",""leave_type"":""EL""}",,,2026-04-16 06:40:08.00625
4f74b990-1288-489a-942c-0767d93f8888,session_started,7655942d-098c-472a-a03d-bb2d96e0450d,558af15d-e36f-4a97-ac39-80dcfd0cd293,session,start_session,"{""start_time"":""2026-04-18T04:54:19.579685""}",,,2026-04-18 04:54:20.396158
4fe38506-17b5-41cc-977f-87015d4a7002,user_login,078b8628-dcb3-4bbf-9a64-ce01557013a5,078b8628-dcb3-4bbf-9a64-ce01557013a5,employee,login,"{""role"":""admin""}",103.155.141.248,"Mozilla/5.0 (Linux; Android 6.0; Nexus 5 Build/MRA58N) AppleWebKit/537.36 (KHTML, like Gecko) Chrome/147.0.0.0 Mobile Safari/537.36",2026-04-22 17:18:12.840412
50635c57-76e0-44fa-a199-436043b93240,session_started,1950dcfc-8839-4c50-ab2a-11a6f6c018ff,f5783da6-6e4e-407e-9650-60847a360f63,session,start_session,"{""start_time"":""2026-04-14T17:56:53.871931""}",,,2026-04-14 17:56:16.820542
507c708a-d503-48c2-8013-97c2790738ed,abnormality_detected,60981727-cff3-4f24-865f-0917898bb71e,2d5868a1-ff4c-4528-8665-efa6d531adeb,abnormality,upsert_abnormality,"{""type"":""suspicious_paste"",""severity"":""CRITICAL"",""confidence"":0.95,""session_id"":""012483d2-16b2-42cc-92a2-4a0841f37a1f""}",,,2026-04-14 17:13:35.302605
50a26a61-1b67-4ab1-a370-76ee1a5f3394,abnormality_detected,0538b32c-c891-41bd-a82e-b150f09fc50e,de163820-d6fb-4d46-9f9e-81325aa9b6cc,abnormality,upsert_abnormality,"{""type"":""minimal_activity"",""severity"":""CRITICAL"",""confidence"":0.9869,""session_id"":""d74eb73f-0f9c-4540-bb0d-e58656d4a31c""}",,,2026-03-20 09:38:33.556728
50c809d0-cdf9-4475-a9ae-3f203d603545,user_login,7655942d-098c-472a-a03d-bb2d96e0450d,7655942d-098c-472a-a03d-bb2d96e0450d,employee,login,"{""role"":""admin""}",103.155.140.67,"Mozilla/5.0 (Windows NT 10.0; Win64; x64) AppleWebKit/537.36 (KHTML, like Gecko) Chrome/146.0.0.0 Safari/537.36",2026-03-21 07:09:40.178684
50e4f28c-137c-4773-b5b4-f2000f5fded6,user_login,1950dcfc-8839-4c50-ab2a-11a6f6c018ff,1950dcfc-8839-4c50-ab2a-11a6f6c018ff,employee,login,"{""role"":""employee""}",157.49.126.25,"Mozilla/5.0 (Windows NT 10.0; Win64; x64) AppleWebKit/537.36 (KHTML, like Gecko) Chrome/147.0.0.0 Safari/537.36",2026-04-16 11:39:33.220179
50e52a12-8032-4b14-a4b2-52f6fc743eff,abnormality_detected,0538b32c-c891-41bd-a82e-b150f09fc50e,de163820-d6fb-4d46-9f9e-81325aa9b6cc,abnormality,upsert_abnormality,"{""type"":""clock_in_clock_out"",""severity"":""CRITICAL"",""confidence"":0.9345,""session_id"":""d74eb73f-0f9c-4540-bb0d-e58656d4a31c""}",,,2026-03-20 09:38:39.608691
519180f6-face-4b86-bd89-90eace955589,abnormality_detected,0538b32c-c891-41bd-a82e-b150f09fc50e,de163820-d6fb-4d46-9f9e-81325aa9b6cc,abnormality,upsert_abnormality,"{""type"":""minimal_activity"",""severity"":""CRITICAL"",""confidence"":0.9869,""session_id"":""d74eb73f-0f9c-4540-bb0d-e58656d4a31c""}",,,2026-03-20 08:57:13.121544
5192c91d-1f60-4e79-b225-3553ad7518f6,abnormality_detected,0538b32c-c891-41bd-a82e-b150f09fc50e,de163820-d6fb-4d46-9f9e-81325aa9b6cc,abnormality,create_abnormality,"{""type"":""minimal_activity"",""severity"":""CRITICAL"",""confidence"":0.8948,""session_id"":""d74eb73f-0f9c-4540-bb0d-e58656d4a31c""}",,,2026-03-20 05:10:19.213284
51a46116-1b71-498e-812e-05c21595b54e,abnormality_detected,0538b32c-c891-41bd-a82e-b150f09fc50e,de163820-d6fb-4d46-9f9e-81325aa9b6cc,abnormality,upsert_abnormality,"{""type"":""minimal_activity"",""severity"":""CRITICAL"",""confidence"":0.9869,""session_id"":""d74eb73f-0f9c-4540-bb0d-e58656d4a31c""}",,,2026-03-20 09:43:43.764007
51a77870-db47-4652-a1ca-0634cbfb62ed,user_login,078b8628-dcb3-4bbf-9a64-ce01557013a5,078b8628-dcb3-4bbf-9a64-ce01557013a5,employee,login,"{""role"":""admin""}",14.195.189.138,python-httpx/0.28.1,2026-04-17 05:45:53.689006
522e3d67-8e60-4c49-bb2f-4e936879c03c,abnormality_detected,e1000000-0000-0000-0000-000000000001,d8e4f049-19d0-46de-9a53-ef0e10c41f6c,abnormality,upsert_abnormality,"{""type"":""long_idle"",""severity"":""CRITICAL"",""confidence"":1,""session_id"":""59771728-842b-4577-9467-acd80a5b3f27""}",,,2026-03-19 10:35:57.059045
5314abd5-70ef-40fe-8713-e020c0bc8adb,abnormality_detected,1950dcfc-8839-4c50-ab2a-11a6f6c018ff,89351406-d13e-4666-9f75-6fe6028d597d,abnormality,upsert_abnormality,"{""type"":""suspicious_paste"",""severity"":""CRITICAL"",""confidence"":0.99,""session_id"":""d0aca746-b1bf-4c30-a962-eead4b62a015""}",,,2026-04-15 18:43:17.07752
535346c7-4faa-429b-bffa-7e99a7734ab7,abnormality_detected,60981727-cff3-4f24-865f-0917898bb71e,3fbe5620-dba5-4d8f-92ca-7d9470d4102c,abnormality,upsert_abnormality,"{""type"":""long_idle"",""severity"":""CRITICAL"",""confidence"":1,""session_id"":""575636eb-ee41-4a36-ba81-07f00c9394d1""}",,,2026-03-21 11:45:48.382744
537db28b-b120-4a67-b785-5f69aeeef8fd,user_login,7655942d-098c-472a-a03d-bb2d96e0450d,7655942d-098c-472a-a03d-bb2d96e0450d,employee,login,"{""role"":""employee""}",103.155.141.248,"Mozilla/5.0 (Linux; Android 6.0; Nexus 5 Build/MRA58N) AppleWebKit/537.36 (KHTML, like Gecko) Chrome/147.0.0.0 Mobile Safari/537.36",2026-04-22 11:40:37.282509
54002bf3-9633-42e6-8454-4fc203af9bc9,abnormality_detected,0538b32c-c891-41bd-a82e-b150f09fc50e,de163820-d6fb-4d46-9f9e-81325aa9b6cc,abnormality,upsert_abnormality,"{""type"":""clock_in_clock_out"",""severity"":""CRITICAL"",""confidence"":0.9345,""session_id"":""d74eb73f-0f9c-4540-bb0d-e58656d4a31c""}",,,2026-03-20 08:21:09.104363
548eba7c-6729-4f36-8b37-c2ee832c717f,abnormality_detected,1950dcfc-8839-4c50-ab2a-11a6f6c018ff,c30846fe-5256-442d-8d06-a72150f32ab1,abnormality,upsert_abnormality,"{""type"":""burst_then_idle"",""severity"":""CRITICAL"",""confidence"":0.7244,""session_id"":""f5783da6-6e4e-407e-9650-60847a360f63""}",,,2026-04-15 13:37:49.129306
549df798-a9d6-46e5-bfbe-67e642cd91cd,user_login,7655942d-098c-472a-a03d-bb2d96e0450d,7655942d-098c-472a-a03d-bb2d96e0450d,employee,login,"{""role"":""employee""}",103.155.141.248,"Mozilla/5.0 (Linux; Android 6.0; Nexus 5 Build/MRA58N) AppleWebKit/537.36 (KHTML, like Gecko) Chrome/147.0.0.0 Mobile Safari/537.36",2026-04-22 16:53:08.590767
5502e866-ac1e-4648-93fc-c0b1c53f51b6,abnormality_detected,0538b32c-c891-41bd-a82e-b150f09fc50e,de163820-d6fb-4d46-9f9e-81325aa9b6cc,abnormality,upsert_abnormality,"{""type"":""clock_in_clock_out"",""severity"":""CRITICAL"",""confidence"":0.9345,""session_id"":""d74eb73f-0f9c-4540-bb0d-e58656d4a31c""}",,,2026-03-20 06:27:39.409465
556565dd-6c70-4cd5-9564-7adecd9c17dc,task_assigned,0b31d4b4-1fe8-4eba-85b1-0612a3802a01,c9cff2db-885a-4a92-9321-641ee961acb5,task,create_task,"{""title"":""j"",""task_id"":""b55f9253-a84f-4ca1-9167-b1827db7c977"",""priority"":""high""}",,,2026-04-22 18:11:58.082876
5614ee1b-812f-4f55-b0ad-c243dace5b17,abnormality_detected,e1000000-0000-0000-0000-000000000001,d8e4f049-19d0-46de-9a53-ef0e10c41f6c,abnormality,upsert_abnormality,"{""type"":""superhuman_speed"",""severity"":""CRITICAL"",""confidence"":1,""session_id"":""59771728-842b-4577-9467-acd80a5b3f27""}",,,2026-03-19 11:35:11.554803
58dfb305-3044-49fd-a230-94a834410194,abnormality_detected,60981727-cff3-4f24-865f-0917898bb71e,1e1eb5c3-44fc-4aaf-90dd-1e5fb1a9ca2b,abnormality,upsert_abnormality,"{""type"":""suspicious_paste"",""severity"":""CRITICAL"",""confidence"":0.95,""session_id"":""40e3f459-2ebf-423f-b275-f3e6fc5e93b1""}",,,2026-04-14 12:06:20.713534
595dc49e-bc04-41db-adce-806438f95854,abnormality_detected,e1000000-0000-0000-0000-000000000001,d8e4f049-19d0-46de-9a53-ef0e10c41f6c,abnormality,upsert_abnormality,"{""type"":""long_idle"",""severity"":""CRITICAL"",""confidence"":1,""session_id"":""59771728-842b-4577-9467-acd80a5b3f27""}",,,2026-03-19 09:19:24.135794
5a463e88-a26e-4313-84d1-9288369d99de,abnormality_detected,a1000000-0000-0000-0000-000000000001,4375674f-5ca0-4b26-a9ad-93b692b82519,abnormality,upsert_abnormality,"{""type"":""rapid_paste"",""severity"":""CRITICAL"",""confidence"":0.8,""session_id"":""4b51c55d-bb0a-48b0-883a-1c927c283ce3""}",,,2026-03-18 16:55:28.44454
5a52fd43-adcd-4677-8d8c-39baa04d1bee,abnormality_detected,1950dcfc-8839-4c50-ab2a-11a6f6c018ff,c30846fe-5256-442d-8d06-a72150f32ab1,abnormality,upsert_abnormality,"{""type"":""long_idle"",""severity"":""CRITICAL"",""confidence"":1,""session_id"":""f5783da6-6e4e-407e-9650-60847a360f63""}",,,2026-04-15 14:20:43.436492
5b2a3e4c-9a73-49f4-bf79-79357e513c73,task_assigned,078b8628-dcb3-4bbf-9a64-ce01557013a5,43e9bed3-edba-4563-acc4-108957392e48,task,create_task,"{""title"":""red"",""task_id"":""bba71c8c-b952-4880-a928-db997f323a9a"",""priority"":""medium""}",,,2026-04-18 04:56:07.622727
5b391446-92cf-460c-a130-f36e5194e1fe,abnormality_detected,e1000000-0000-0000-0000-000000000001,d8e4f049-19d0-46de-9a53-ef0e10c41f6c,abnormality,upsert_abnormality,"{""type"":""rapid_paste"",""severity"":""CRITICAL"",""confidence"":0.8,""session_id"":""59771728-842b-4577-9467-acd80a5b3f27""}",,,2026-03-19 12:16:54.83685
5bc5cbaa-1bb0-4e59-9206-2265219227bf,abnormality_detected,a1000000-0000-0000-0000-000000000001,4375674f-5ca0-4b26-a9ad-93b692b82519,abnormality,create_abnormality,"{""type"":""suspicious_paste"",""severity"":""CRITICAL"",""confidence"":0.99,""session_id"":""4b51c55d-bb0a-48b0-883a-1c927c283ce3""}",,,2026-03-18 15:44:47.083077
5bcfb277-64ae-40f9-94b3-b13004af0960,abnormality_detected,1950dcfc-8839-4c50-ab2a-11a6f6c018ff,c30846fe-5256-442d-8d06-a72150f32ab1,abnormality,upsert_abnormality,"{""type"":""long_idle"",""severity"":""CRITICAL"",""confidence"":1,""session_id"":""f5783da6-6e4e-407e-9650-60847a360f63""}",,,2026-04-14 18:09:59.149363
5c234cc4-eb25-4829-83ec-ed2e522828f3,abnormality_detected,1950dcfc-8839-4c50-ab2a-11a6f6c018ff,c30846fe-5256-442d-8d06-a72150f32ab1,abnormality,upsert_abnormality,"{""type"":""long_idle"",""severity"":""CRITICAL"",""confidence"":1,""session_id"":""f5783da6-6e4e-407e-9650-60847a360f63""}",,,2026-04-14 18:13:51.049981
5c343866-d8bf-410b-a23c-fae86e8a211f,abnormality_detected,a1000000-0000-0000-0000-000000000001,4375674f-5ca0-4b26-a9ad-93b692b82519,abnormality,upsert_abnormality,"{""type"":""long_idle"",""severity"":""CRITICAL"",""confidence"":0.9677,""session_id"":""4b51c55d-bb0a-48b0-883a-1c927c283ce3""}",,,2026-03-18 16:55:26.551841
5c881fcf-ea31-4e31-8021-ab78ef2e3a56,user_login,7655942d-098c-472a-a03d-bb2d96e0450d,7655942d-098c-472a-a03d-bb2d96e0450d,employee,login,"{""role"":""admin""}",103.155.140.67,"Mozilla/5.0 (Linux; Android 6.0; Nexus 5 Build/MRA58N) AppleWebKit/537.36 (KHTML, like Gecko) Chrome/146.0.0.0 Mobile Safari/537.36",2026-03-20 17:07:03.445161
5cce4bcf-0bd5-4483-aa45-94f662e4e99c,abnormality_detected,0538b32c-c891-41bd-a82e-b150f09fc50e,de163820-d6fb-4d46-9f9e-81325aa9b6cc,abnormality,upsert_abnormality,"{""type"":""minimal_activity"",""severity"":""CRITICAL"",""confidence"":0.9869,""session_id"":""d74eb73f-0f9c-4540-bb0d-e58656d4a31c""}",,,2026-03-20 07:24:23.82286
5d00f260-796e-434a-b399-c0139aad329a,abnormality_detected,7655942d-098c-472a-a03d-bb2d96e0450d,b9910b71-d48d-476c-b119-5285eaa7eaeb,abnormality,upsert_abnormality,"{""type"":""rapid_paste"",""severity"":""CRITICAL"",""confidence"":0.8,""session_id"":""6e67c504-60af-452d-accd-8f1809395426""}",,,2026-03-19 15:43:46.49038
5d53d655-37a5-4e25-8861-ffcbb97a9068,abnormality_detected,7655942d-098c-472a-a03d-bb2d96e0450d,6ab0b703-1d29-4bb2-9f85-f4c306e60b3a,abnormality,create_abnormality,"{""type"":""suspicious_paste"",""severity"":""CRITICAL"",""confidence"":0.99,""session_id"":""338522c7-0c75-4080-924d-45c242236239""}",,,2026-04-14 11:25:18.515854
5df26943-aeb4-40ca-badc-521714571dde,abnormality_detected,0538b32c-c891-41bd-a82e-b150f09fc50e,de163820-d6fb-4d46-9f9e-81325aa9b6cc,abnormality,upsert_abnormality,"{""type"":""long_idle"",""severity"":""CRITICAL"",""confidence"":1,""session_id"":""d74eb73f-0f9c-4540-bb0d-e58656d4a31c""}",,,2026-03-20 06:06:58.80347
5ecd36c1-90f0-4791-8164-9d445e0ea496,user_login,e1000000-0000-0000-0000-000000000001,e1000000-0000-0000-0000-000000000001,employee,login,"{""role"":""employee""}",127.0.0.1,python-httpx/0.25.2,2026-03-19 09:04:14.389003
5f945eb8-b8c5-42c9-86a3-915451c10c66,abnormality_detected,e1000000-0000-0000-0000-000000000001,d8e4f049-19d0-46de-9a53-ef0e10c41f6c,abnormality,upsert_abnormality,"{""type"":""superhuman_speed"",""severity"":""CRITICAL"",""confidence"":1,""session_id"":""59771728-842b-4577-9467-acd80a5b3f27""}",,,2026-03-19 11:30:00.134408
5fdfd52e-dfed-420a-8b2e-0a2745efea19,abnormality_detected,0538b32c-c891-41bd-a82e-b150f09fc50e,de163820-d6fb-4d46-9f9e-81325aa9b6cc,abnormality,upsert_abnormality,"{""type"":""long_idle"",""severity"":""CRITICAL"",""confidence"":1,""session_id"":""d74eb73f-0f9c-4540-bb0d-e58656d4a31c""}",,,2026-03-20 06:12:08.113233
600726b5-26c3-4db1-aa9d-d4d372037c4c,abnormality_detected,a1000000-0000-0000-0000-000000000001,4375674f-5ca0-4b26-a9ad-93b692b82519,abnormality,upsert_abnormality,"{""type"":""rapid_paste"",""severity"":""CRITICAL"",""confidence"":0.8,""session_id"":""4b51c55d-bb0a-48b0-883a-1c927c283ce3""}",,,2026-03-18 16:50:18.324928
60350c06-c409-4879-b535-6eb394d143d0,user_login,7655942d-098c-472a-a03d-bb2d96e0450d,7655942d-098c-472a-a03d-bb2d96e0450d,employee,login,"{""role"":""admin""}",127.0.0.1,python-httpx/0.25.2,2026-04-14 12:07:40.887556
60a340d9-34fd-4ad6-8a49-a11fa1918fa6,abnormality_detected,60981727-cff3-4f24-865f-0917898bb71e,2d5868a1-ff4c-4528-8665-efa6d531adeb,abnormality,upsert_abnormality,"{""type"":""rapid_paste"",""severity"":""CRITICAL"",""confidence"":0.8,""session_id"":""012483d2-16b2-42cc-92a2-4a0841f37a1f""}",,,2026-04-14 17:12:33.444416
61732583-1181-477f-a3fe-96a9264eb1cd,abnormality_detected,0538b32c-c891-41bd-a82e-b150f09fc50e,de163820-d6fb-4d46-9f9e-81325aa9b6cc,abnormality,upsert_abnormality,"{""type"":""long_idle"",""severity"":""CRITICAL"",""confidence"":1,""session_id"":""d74eb73f-0f9c-4540-bb0d-e58656d4a31c""}",,,2026-03-20 09:28:16.823271
61c5c497-a68f-4b25-be99-f05278ba6efa,abnormality_detected,7655942d-098c-472a-a03d-bb2d96e0450d,f068856c-028c-4ecb-b709-3dfd6f1ae906,abnormality,upsert_abnormality,"{""type"":""rapid_paste"",""severity"":""HIGH"",""confidence"":0.8,""session_id"":""de0138bc-594b-446f-bece-64131313ad77""}",,,2026-04-14 12:11:49.655163
621ea537-c921-4b36-81f7-6a12277a2306,flag_reviewed,0b31d4b4-1fe8-4eba-85b1-0612a3802a01,478a5022-70c4-4fe6-ae07-a741998add51,abnormality,review_warning_issued,"{""decision"":""warning_issued"",""severity"":""HIGH"",""session_id"":""d22b22b3-1869-4393-95b7-171cdddd3790"",""abnormality_id"":""75a6720f-94cc-4686-b518-504916064d05""}",,,2026-04-22 17:19:05.831987
62412032-c5b8-4f96-ae4f-5e5eac6869f2,leave_reviewed,7655942d-098c-472a-a03d-bb2d96e0450d,1950dcfc-8839-4c50-ab2a-11a6f6c018ff,leave,leave_needs_info,"{""decision"":""needs_info"",""leave_id"":""a982c8ba-d6de-46db-8abb-e8ac8e9d2f6c"",""leave_type"":""EL""}",,,2026-04-16 06:48:46.441202
6246ea92-4ec6-4191-8965-0fcd6dd3c0f7,abnormality_detected,e1000000-0000-0000-0000-000000000001,d8e4f049-19d0-46de-9a53-ef0e10c41f6c,abnormality,upsert_abnormality,"{""type"":""minimal_activity"",""severity"":""CRITICAL"",""confidence"":1,""session_id"":""59771728-842b-4577-9467-acd80a5b3f27""}",,,2026-03-19 11:35:06.086859
628fa492-d372-4eed-8ffc-eb788304797a,user_login,e1000000-0000-0000-0000-000000000002,e1000000-0000-0000-0000-000000000002,employee,login,"{""role"":""employee""}",49.14.155.38,python-httpx/0.25.2,2026-03-19 18:05:00.660821
6308b702-d1b6-4710-b090-e12170534424,flag_reviewed,a1000000-0000-0000-0000-000000000001,e1000000-0000-0000-0000-000000000003,abnormality,review_dismissed,"{""decision"":""dismissed"",""severity"":""CRITICAL"",""session_id"":""92476d69-929f-53fb-940e-9fc988196fa4"",""abnormality_id"":""bcb9e044-d9f8-413e-8e9c-d822740bb851""}",,,2026-03-18 17:24:52.451498
6380a8d5-6920-4714-9113-63cce963bf0f,abnormality_detected,60981727-cff3-4f24-865f-0917898bb71e,3fbe5620-dba5-4d8f-92ca-7d9470d4102c,abnormality,upsert_abnormality,"{""type"":""burst_then_idle"",""severity"":""CRITICAL"",""confidence"":0.7319,""session_id"":""575636eb-ee41-4a36-ba81-07f00c9394d1""}",,,2026-03-21 10:35:06.493747
63b899fb-b988-4268-b1c9-9e0e2d8f5fc3,abnormality_detected,0538b32c-c891-41bd-a82e-b150f09fc50e,de163820-d6fb-4d46-9f9e-81325aa9b6cc,abnormality,upsert_abnormality,"{""type"":""long_idle"",""severity"":""CRITICAL"",""confidence"":1,""session_id"":""d74eb73f-0f9c-4540-bb0d-e58656d4a31c""}",,,2026-03-20 09:07:36.427029
63c98a22-b86e-4941-9f05-de9464999c27,abnormality_detected,e1000000-0000-0000-0000-000000000001,d8e4f049-19d0-46de-9a53-ef0e10c41f6c,abnormality,upsert_abnormality,"{""type"":""suspicious_paste"",""severity"":""CRITICAL"",""confidence"":0.99,""session_id"":""59771728-842b-4577-9467-acd80a5b3f27""}",,,2026-03-19 11:24:43.065721
63cd25b0-e71e-469b-8b08-55e3e4d87f80,abnormality_detected,0538b32c-c891-41bd-a82e-b150f09fc50e,de163820-d6fb-4d46-9f9e-81325aa9b6cc,abnormality,upsert_abnormality,"{""type"":""long_idle"",""severity"":""CRITICAL"",""confidence"":1,""session_id"":""d74eb73f-0f9c-4540-bb0d-e58656d4a31c""}",,,2026-03-20 07:19:16.932481
63e004c9-2500-46bc-a1e3-40917ac53cb3,abnormality_detected,7655942d-098c-472a-a03d-bb2d96e0450d,4df113a9-b296-471b-9feb-a4120b569ec4,abnormality,upsert_abnormality,"{""type"":""long_idle"",""severity"":""CRITICAL"",""confidence"":1,""session_id"":""e32dd7ee-eb3b-4eed-99ba-658eeef3e1d8""}",,,2026-03-19 07:19:24.196401
641044ff-1a3e-452b-9c7b-128f82fec2bb,abnormality_detected,e1000000-0000-0000-0000-000000000001,d8e4f049-19d0-46de-9a53-ef0e10c41f6c,abnormality,upsert_abnormality,"{""type"":""rapid_paste"",""severity"":""CRITICAL"",""confidence"":0.8,""session_id"":""59771728-842b-4577-9467-acd80a5b3f27""}",,,2026-03-19 10:11:42.067114
6426ba9a-9fbe-4925-a3c3-ee985b8fb50b,abnormality_detected,60981727-cff3-4f24-865f-0917898bb71e,2d5868a1-ff4c-4528-8665-efa6d531adeb,abnormality,upsert_abnormality,"{""type"":""long_idle"",""severity"":""CRITICAL"",""confidence"":1,""session_id"":""012483d2-16b2-42cc-92a2-4a0841f37a1f""}",,,2026-04-14 17:36:07.668507
64358b9c-1a2c-4617-9172-459a9d1ab44f,user_login,a1000000-0000-0000-0000-000000000001,a1000000-0000-0000-0000-000000000001,employee,login,"{""role"":""admin""}",43.230.105.214,"Mozilla/5.0 (Linux; Android 6.0; Nexus 5 Build/MRA58N) AppleWebKit/537.36 (KHTML, like Gecko) Chrome/147.0.0.0 Mobile Safari/537.36",2026-04-13 11:27:53.485594
6451064e-bd6a-4218-b4ac-748dd616ab8d,abnormality_detected,e1000000-0000-0000-0000-000000000001,d8e4f049-19d0-46de-9a53-ef0e10c41f6c,abnormality,upsert_abnormality,"{""type"":""rapid_paste"",""severity"":""CRITICAL"",""confidence"":0.8,""session_id"":""59771728-842b-4577-9467-acd80a5b3f27""}",,,2026-03-19 10:46:21.744838
6452b053-d754-4267-818d-b4e9e1269a9c,flag_reviewed,a1000000-0000-0000-0000-000000000002,e1000000-0000-0000-0000-000000000009,abnormality,escalated,"{""session_id"":""5de913ba-ed6d-5dca-b508-fdc1d6ccf4ca""}",,,2026-03-18 07:35:13.182368
647c5bf9-0407-44b0-8183-d8de98140ee3,user_login,7655942d-098c-472a-a03d-bb2d96e0450d,7655942d-098c-472a-a03d-bb2d96e0450d,employee,login,"{""role"":""admin""}",43.230.107.58,python-httpx/0.28.1,2026-04-17 17:25:58.689869
6482ba4a-419f-4d6c-a0c7-cfbb624c54ed,abnormality_detected,0538b32c-c891-41bd-a82e-b150f09fc50e,de163820-d6fb-4d46-9f9e-81325aa9b6cc,abnormality,upsert_abnormality,"{""type"":""clock_in_clock_out"",""severity"":""CRITICAL"",""confidence"":0.9345,""session_id"":""d74eb73f-0f9c-4540-bb0d-e58656d4a31c""}",,,2026-03-20 06:32:48.507227
64900a80-aacc-42b6-beae-2f0689ceed5b,user_login,7655942d-098c-472a-a03d-bb2d96e0450d,7655942d-098c-472a-a03d-bb2d96e0450d,employee,login,"{""role"":""admin""}",103.155.140.67,"Mozilla/5.0 (Linux; Android 6.0; Nexus 5 Build/MRA58N) AppleWebKit/537.36 (KHTML, like Gecko) Chrome/146.0.0.0 Mobile Safari/537.36",2026-03-20 17:05:20.146924
6519d762-cbaf-4b04-980f-0b79d46a64c2,abnormality_detected,0538b32c-c891-41bd-a82e-b150f09fc50e,de163820-d6fb-4d46-9f9e-81325aa9b6cc,abnormality,upsert_abnormality,"{""type"":""long_idle"",""severity"":""CRITICAL"",""confidence"":1,""session_id"":""d74eb73f-0f9c-4540-bb0d-e58656d4a31c""}",,,2026-03-20 08:57:16.332341
65881d95-154b-419d-b9e8-c155dbfbe0b6,abnormality_detected,0538b32c-c891-41bd-a82e-b150f09fc50e,de163820-d6fb-4d46-9f9e-81325aa9b6cc,abnormality,upsert_abnormality,"{""type"":""clock_in_clock_out"",""severity"":""CRITICAL"",""confidence"":0.9345,""session_id"":""d74eb73f-0f9c-4540-bb0d-e58656d4a31c""}",,,2026-03-20 10:09:38.81818
65a53628-f0a1-4593-aff5-0d80125de8bf,session_ended,e1000000-0000-0000-0000-000000000004,0b8b2599-074a-4aef-9317-24ea1e1e5f2a,session,end_session,"{""status"":""incomplete"",""lunch_taken"":false,""work_minutes"":16,""break_minutes"":0}",,,2026-03-19 12:35:06.768618
65e9bd60-030d-4f82-ba37-243765dce5ac,abnormality_detected,0538b32c-c891-41bd-a82e-b150f09fc50e,de163820-d6fb-4d46-9f9e-81325aa9b6cc,abnormality,upsert_abnormality,"{""type"":""long_idle"",""severity"":""CRITICAL"",""confidence"":1,""session_id"":""d74eb73f-0f9c-4540-bb0d-e58656d4a31c""}",,,2026-03-20 09:12:46.82836
65eb2217-dfda-418f-a51e-1964cbb94fd3,abnormality_detected,0538b32c-c891-41bd-a82e-b150f09fc50e,de163820-d6fb-4d46-9f9e-81325aa9b6cc,abnormality,upsert_abnormality,"{""type"":""minimal_activity"",""severity"":""CRITICAL"",""confidence"":0.9869,""session_id"":""d74eb73f-0f9c-4540-bb0d-e58656d4a31c""}",,,2026-03-20 08:31:22.716894
66cb2e1a-e6bd-46b4-9087-0c4570c067ae,abnormality_detected,7655942d-098c-472a-a03d-bb2d96e0450d,b9910b71-d48d-476c-b119-5285eaa7eaeb,abnormality,upsert_abnormality,"{""type"":""rapid_paste"",""severity"":""CRITICAL"",""confidence"":0.8,""session_id"":""6e67c504-60af-452d-accd-8f1809395426""}",,,2026-03-19 15:35:35.058644
670bca3a-9292-4e66-8e00-146bbe08af69,abnormality_detected,e1000000-0000-0000-0000-000000000001,d8e4f049-19d0-46de-9a53-ef0e10c41f6c,abnormality,upsert_abnormality,"{""type"":""suspicious_paste"",""severity"":""CRITICAL"",""confidence"":0.99,""session_id"":""59771728-842b-4577-9467-acd80a5b3f27""}",,,2026-03-19 10:51:29.517811
6712d15a-e9b7-4bd0-ad3e-9b9beb858036,abnormality_detected,e1000000-0000-0000-0000-000000000001,d8e4f049-19d0-46de-9a53-ef0e10c41f6c,abnormality,upsert_abnormality,"{""type"":""rapid_paste"",""severity"":""CRITICAL"",""confidence"":0.8,""session_id"":""59771728-842b-4577-9467-acd80a5b3f27""}",,,2026-03-19 10:21:49.455405
6715978f-b215-4bee-baf9-cc2a3f99d62d,abnormality_detected,0538b32c-c891-41bd-a82e-b150f09fc50e,de163820-d6fb-4d46-9f9e-81325aa9b6cc,abnormality,upsert_abnormality,"{""type"":""clock_in_clock_out"",""severity"":""CRITICAL"",""confidence"":0.8689,""session_id"":""d74eb73f-0f9c-4540-bb0d-e58656d4a31c""}",,,2026-03-20 05:15:31.055188
678ccb32-dc99-4374-be54-b6e7cdf05b6d,abnormality_detected,e1000000-0000-0000-0000-000000000001,d8e4f049-19d0-46de-9a53-ef0e10c41f6c,abnormality,upsert_abnormality,"{""type"":""minimal_activity"",""severity"":""CRITICAL"",""confidence"":1,""session_id"":""59771728-842b-4577-9467-acd80a5b3f27""}",,,2026-03-19 10:35:58.475077
67da1eb4-80ba-469a-a6d7-eec7c00b1342,user_login,7655942d-098c-472a-a03d-bb2d96e0450d,7655942d-098c-472a-a03d-bb2d96e0450d,employee,login,"{""role"":""employee""}",103.155.141.248,python-httpx/0.28.1,2026-04-22 11:45:11.105231
68406d3a-2241-44c2-ac84-78b481108909,flag_reviewed,078b8628-dcb3-4bbf-9a64-ce01557013a5,7655942d-098c-472a-a03d-bb2d96e0450d,abnormality,review_escalated,"{""decision"":""escalated"",""severity"":""CRITICAL"",""session_id"":""4ec792a0-5def-4a45-9b48-36c1af01be31"",""abnormality_id"":""58e08ea4-bd4e-4d8f-b432-4b2923ba8c25""}",,,2026-04-17 18:04:27.636543
68986f56-24bd-41b8-9e49-152054bc8486,session_started,7655942d-098c-472a-a03d-bb2d96e0450d,638bfa43-93e1-4068-b261-1d247c08b10c,session,start_session,"{""start_time"":""2026-04-12T16:40:07.280637""}",,,2026-04-12 16:40:08.394706
6923755a-110e-4163-8579-20753e01bd5b,user_login,7655942d-098c-472a-a03d-bb2d96e0450d,7655942d-098c-472a-a03d-bb2d96e0450d,employee,login,"{""role"":""admin""}",127.0.0.1,python-httpx/0.25.2,2026-04-13 12:17:10.744878
695274ed-bd48-42fe-bac6-decb51e32c3e,abnormality_detected,7655942d-098c-472a-a03d-bb2d96e0450d,4df113a9-b296-471b-9feb-a4120b569ec4,abnormality,upsert_abnormality,"{""type"":""long_idle"",""severity"":""CRITICAL"",""confidence"":1,""session_id"":""e32dd7ee-eb3b-4eed-99ba-658eeef3e1d8""}",,,2026-03-19 07:04:14.567118
6a3e81f6-c1cb-4fee-92a2-ceb7322eb491,user_login,7655942d-098c-472a-a03d-bb2d96e0450d,7655942d-098c-472a-a03d-bb2d96e0450d,employee,login,"{""role"":""admin""}",127.0.0.1,"Mozilla/5.0 (Windows NT 10.0; Win64; x64) AppleWebKit/537.36 (KHTML, like Gecko) Chrome/147.0.0.0 Safari/537.36",2026-04-14 17:30:20.178795
6a43467e-9a97-4595-b6a5-7f839ee2ea85,abnormality_detected,7655942d-098c-472a-a03d-bb2d96e0450d,b9910b71-d48d-476c-b119-5285eaa7eaeb,abnormality,upsert_abnormality,"{""type"":""suspicious_paste"",""severity"":""CRITICAL"",""confidence"":0.99,""session_id"":""6e67c504-60af-452d-accd-8f1809395426""}",,,2026-03-19 15:40:54.846749
6a6bc659-8c71-4ba9-9f62-53968cdb47c0,abnormality_detected,0538b32c-c891-41bd-a82e-b150f09fc50e,de163820-d6fb-4d46-9f9e-81325aa9b6cc,abnormality,upsert_abnormality,"{""type"":""long_idle"",""severity"":""CRITICAL"",""confidence"":1,""session_id"":""d74eb73f-0f9c-4540-bb0d-e58656d4a31c""}",,,2026-03-20 07:55:16.627532
6a778d61-3cdb-4d8a-a086-add6b3fffecf,abnormality_detected,1950dcfc-8839-4c50-ab2a-11a6f6c018ff,c30846fe-5256-442d-8d06-a72150f32ab1,abnormality,upsert_abnormality,"{""type"":""long_idle"",""severity"":""CRITICAL"",""confidence"":1,""session_id"":""f5783da6-6e4e-407e-9650-60847a360f63""}",,,2026-04-15 14:08:24.239936
6a785788-a511-4f22-821b-ddadaf751662,abnormality_detected,a1000000-0000-0000-0000-000000000001,4375674f-5ca0-4b26-a9ad-93b692b82519,abnormality,upsert_abnormality,"{""type"":""keyboard_sitting"",""severity"":""CRITICAL"",""confidence"":1,""session_id"":""4b51c55d-bb0a-48b0-883a-1c927c283ce3""}",,,2026-03-18 16:50:20.117652
6a9c121b-22fd-4a1b-bb32-58cfc4360b8a,abnormality_detected,1950dcfc-8839-4c50-ab2a-11a6f6c018ff,c30846fe-5256-442d-8d06-a72150f32ab1,abnormality,upsert_abnormality,"{""type"":""long_idle"",""severity"":""CRITICAL"",""confidence"":1,""session_id"":""f5783da6-6e4e-407e-9650-60847a360f63""}",,,2026-04-15 14:47:00.902352
6aa8885f-5184-4e5f-a31c-b07e15abfec1,abnormality_detected,0538b32c-c891-41bd-a82e-b150f09fc50e,de163820-d6fb-4d46-9f9e-81325aa9b6cc,abnormality,upsert_abnormality,"{""type"":""long_idle"",""severity"":""CRITICAL"",""confidence"":1,""session_id"":""d74eb73f-0f9c-4540-bb0d-e58656d4a31c""}",,,2026-03-20 05:36:04.606718
6b6aeb95-38fc-4479-a649-6cdca4313000,abnormality_detected,0538b32c-c891-41bd-a82e-b150f09fc50e,de163820-d6fb-4d46-9f9e-81325aa9b6cc,abnormality,upsert_abnormality,"{""type"":""clock_in_clock_out"",""severity"":""CRITICAL"",""confidence"":0.9345,""session_id"":""d74eb73f-0f9c-4540-bb0d-e58656d4a31c""}",,,2026-03-20 09:43:49.618868
6ba2f2f8-4b46-46a9-9cfe-953a1210707b,abnormality_detected,7655942d-098c-472a-a03d-bb2d96e0450d,4df113a9-b296-471b-9feb-a4120b569ec4,abnormality,upsert_abnormality,"{""type"":""long_idle"",""severity"":""CRITICAL"",""confidence"":1,""session_id"":""e32dd7ee-eb3b-4eed-99ba-658eeef3e1d8""}",,,2026-03-19 07:29:31.217832
6c3df0e2-b8f7-4855-a27b-ccfbad747392,abnormality_detected,7655942d-098c-472a-a03d-bb2d96e0450d,58e08ea4-bd4e-4d8f-b432-4b2923ba8c25,abnormality,create_abnormality,"{""type"":""suspicious_paste"",""severity"":""CRITICAL"",""confidence"":0.95,""session_id"":""4ec792a0-5def-4a45-9b48-36c1af01be31""}",,,2026-04-16 12:57:42.838349
6c8747ec-7bb6-45cf-b8cb-84152f693060,abnormality_detected,a1000000-0000-0000-0000-000000000001,4375674f-5ca0-4b26-a9ad-93b692b82519,abnormality,upsert_abnormality,"{""type"":""superhuman_speed"",""severity"":""CRITICAL"",""confidence"":1,""session_id"":""4b51c55d-bb0a-48b0-883a-1c927c283ce3""}",,,2026-03-18 16:55:24.397412
6c8c8285-af4c-458a-976f-795fd6a665ae,user_login,1950dcfc-8839-4c50-ab2a-11a6f6c018ff,1950dcfc-8839-4c50-ab2a-11a6f6c018ff,employee,login,"{""role"":""employee""}",152.58.122.196,"Mozilla/5.0 (Linux; Android 10; K) AppleWebKit/537.36 (KHTML, like Gecko) Chrome/147.0.0.0 Mobile Safari/537.36",2026-04-18 05:24:38.770299
6cd4146e-fd37-4d65-a982-45c6caa2831d,abnormality_detected,e1000000-0000-0000-0000-000000000001,d8e4f049-19d0-46de-9a53-ef0e10c41f6c,abnormality,upsert_abnormality,"{""type"":""long_idle"",""severity"":""CRITICAL"",""confidence"":1,""session_id"":""59771728-842b-4577-9467-acd80a5b3f27""}",,,2026-03-19 10:11:38.215054
6ce80b87-a669-41ec-b82b-f5504d8454e8,abnormality_detected,1950dcfc-8839-4c50-ab2a-11a6f6c018ff,c30846fe-5256-442d-8d06-a72150f32ab1,abnormality,upsert_abnormality,"{""type"":""suspicious_paste"",""severity"":""CRITICAL"",""confidence"":0.99,""session_id"":""f5783da6-6e4e-407e-9650-60847a360f63""}",,,2026-04-15 14:46:59.209348
6cec822e-1e88-43ed-97b9-857e17c36db8,leave_applied,0538b32c-c891-41bd-a82e-b150f09fc50e,1c180f51-3403-4143-9126-6c6698782631,leave,apply_leave,"{""days"":2,""from"":""2026-03-21"",""leave_type"":""EL""}",,,2026-03-21 09:28:32.29863
6cfa303a-d07d-42d5-80e3-680b158fb0e2,abnormality_detected,e1000000-0000-0000-0000-000000000001,d8e4f049-19d0-46de-9a53-ef0e10c41f6c,abnormality,upsert_abnormality,"{""type"":""rapid_paste"",""severity"":""CRITICAL"",""confidence"":0.8,""session_id"":""59771728-842b-4577-9467-acd80a5b3f27""}",,,2026-03-19 11:45:32.613002
6d194c08-9f6d-4675-96dc-726f98402717,abnormality_detected,0538b32c-c891-41bd-a82e-b150f09fc50e,de163820-d6fb-4d46-9f9e-81325aa9b6cc,abnormality,upsert_abnormality,"{""type"":""minimal_activity"",""severity"":""CRITICAL"",""confidence"":0.9869,""session_id"":""d74eb73f-0f9c-4540-bb0d-e58656d4a31c""}",,,2026-03-20 08:36:32.608646
6d3f4774-03bf-45f0-b7c2-55b1ccd906a5,abnormality_detected,e1000000-0000-0000-0000-000000000001,d8e4f049-19d0-46de-9a53-ef0e10c41f6c,abnormality,upsert_abnormality,"{""type"":""burst_then_idle"",""severity"":""CRITICAL"",""confidence"":0.7117,""session_id"":""59771728-842b-4577-9467-acd80a5b3f27""}",,,2026-03-19 10:51:34.968427
6d5f82ee-3e97-4640-8792-41e97b130b2f,flag_reviewed,078b8628-dcb3-4bbf-9a64-ce01557013a5,59bdef83-dd22-4db6-a6a4-1e8d3842078d,abnormality,review_escalated,"{""decision"":""escalated"",""severity"":""HIGH"",""session_id"":""77fcaa66-f5c8-47fc-bc38-136812d0c193"",""abnormality_id"":""669778ab-1ac8-45c1-92ac-524c9def6e99""}",,,2026-04-18 04:05:08.640781
6d8e6839-ad10-44aa-ac63-03df21252286,abnormality_detected,e1000000-0000-0000-0000-000000000001,d8e4f049-19d0-46de-9a53-ef0e10c41f6c,abnormality,upsert_abnormality,"{""type"":""long_idle"",""severity"":""CRITICAL"",""confidence"":1,""session_id"":""59771728-842b-4577-9467-acd80a5b3f27""}",,,2026-03-19 09:29:31.779501
6eb01a17-386a-4b58-9918-96c0fa3e1fda,abnormality_detected,0538b32c-c891-41bd-a82e-b150f09fc50e,de163820-d6fb-4d46-9f9e-81325aa9b6cc,abnormality,upsert_abnormality,"{""type"":""minimal_activity"",""severity"":""CRITICAL"",""confidence"":0.9869,""session_id"":""d74eb73f-0f9c-4540-bb0d-e58656d4a31c""}",,,2026-03-20 07:39:53.509769
6f47a15b-50cd-4c12-841a-c1ece2490e3b,user_login,60981727-cff3-4f24-865f-0917898bb71e,60981727-cff3-4f24-865f-0917898bb71e,employee,login,"{""role"":""employee""}",127.0.0.1,python-httpx/0.25.2,2026-04-14 11:35:33.739642
6f4fd9f5-a1e0-4087-b6b4-628c6393bb6c,abnormality_detected,a1000000-0000-0000-0000-000000000001,4375674f-5ca0-4b26-a9ad-93b692b82519,abnormality,upsert_abnormality,"{""type"":""superhuman_speed"",""severity"":""CRITICAL"",""confidence"":1,""session_id"":""4b51c55d-bb0a-48b0-883a-1c927c283ce3""}",,,2026-03-18 16:34:58.589758
6f8b313c-4fa1-4879-8c9e-4072bd37ca2e,user_login,50289596-773e-4a9c-8f95-d20c29c8b000,50289596-773e-4a9c-8f95-d20c29c8b000,employee,login,"{""role"":""employee""}",127.0.0.1,python-httpx/0.28.1,2026-04-16 11:29:41.573007
70241f69-8c40-463a-8ff5-ba661e94c13f,abnormality_detected,0538b32c-c891-41bd-a82e-b150f09fc50e,de163820-d6fb-4d46-9f9e-81325aa9b6cc,abnormality,upsert_abnormality,"{""type"":""minimal_activity"",""severity"":""CRITICAL"",""confidence"":0.9832,""session_id"":""d74eb73f-0f9c-4540-bb0d-e58656d4a31c""}",,,2026-03-20 06:12:05.112082
70352e9e-0854-45fd-9a9f-388e324563f3,user_login,7655942d-098c-472a-a03d-bb2d96e0450d,7655942d-098c-472a-a03d-bb2d96e0450d,employee,login,"{""role"":""admin""}",152.58.119.108,python-httpx/0.28.1,2026-04-18 04:50:45.593693
7075f656-ccce-4b2c-81cd-0deb585a093f,abnormality_detected,60981727-cff3-4f24-865f-0917898bb71e,1e1eb5c3-44fc-4aaf-90dd-1e5fb1a9ca2b,abnormality,upsert_abnormality,"{""type"":""keyboard_sitting"",""severity"":""CRITICAL"",""confidence"":0.95,""session_id"":""40e3f459-2ebf-423f-b275-f3e6fc5e93b1""}",,,2026-04-14 11:36:38.532839
70967a6e-1a5a-4521-828b-932dcfe0f8bb,abnormality_detected,1950dcfc-8839-4c50-ab2a-11a6f6c018ff,c30846fe-5256-442d-8d06-a72150f32ab1,abnormality,upsert_abnormality,"{""type"":""long_idle"",""severity"":""CRITICAL"",""confidence"":1,""session_id"":""f5783da6-6e4e-407e-9650-60847a360f63""}",,,2026-04-15 14:45:02.418756
70d125ae-9871-4b88-96c9-c1e9e8cceba3,abnormality_detected,1950dcfc-8839-4c50-ab2a-11a6f6c018ff,c30846fe-5256-442d-8d06-a72150f32ab1,abnormality,upsert_abnormality,"{""type"":""burst_then_idle"",""severity"":""CRITICAL"",""confidence"":0.7244,""session_id"":""f5783da6-6e4e-407e-9650-60847a360f63""}",,,2026-04-15 14:29:48.84124
711ca3e6-fae2-4938-85cc-bf14d1561994,session_ended,7655942d-098c-472a-a03d-bb2d96e0450d,3e931d59-cf1c-4c90-b22b-05e82f841f7c,session,end_session,"{""status"":""incomplete"",""lunch_taken"":false,""work_minutes"":10,""break_minutes"":5}",,,2026-04-13 18:06:16.377235
719e10f7-7c9d-49e6-bb82-7c7fc139acec,user_login,a1000000-0000-0000-0000-000000000001,a1000000-0000-0000-0000-000000000001,employee,login,"{""role"":""admin""}",43.230.105.214,"Mozilla/5.0 (Linux; Android 6.0; Nexus 5 Build/MRA58N) AppleWebKit/537.36 (KHTML, like Gecko) Chrome/147.0.0.0 Mobile Safari/537.36",2026-04-14 11:57:25.763055
72251531-2cc7-4e74-934c-c3dd894afe0b,abnormality_detected,e1000000-0000-0000-0000-000000000001,d8e4f049-19d0-46de-9a53-ef0e10c41f6c,abnormality,upsert_abnormality,"{""type"":""long_idle"",""severity"":""CRITICAL"",""confidence"":1,""session_id"":""59771728-842b-4577-9467-acd80a5b3f27""}",,,2026-03-19 10:21:45.208249
74aa7278-fef8-4e29-a578-b3d244a2d829,abnormality_detected,e1000000-0000-0000-0000-000000000001,d8e4f049-19d0-46de-9a53-ef0e10c41f6c,abnormality,upsert_abnormality,"{""type"":""rapid_paste"",""severity"":""CRITICAL"",""confidence"":0.8,""session_id"":""59771728-842b-4577-9467-acd80a5b3f27""}",,,2026-03-19 10:36:01.461051
75d5bb56-9e06-442c-b472-41d2a4221574,user_login,50289596-773e-4a9c-8f95-d20c29c8b000,50289596-773e-4a9c-8f95-d20c29c8b000,employee,login,"{""role"":""employee""}",157.49.126.25,python-httpx/0.28.1,2026-04-16 12:33:23.634924
75d8d998-ca67-4912-9a8a-12db6b4b2793,abnormality_detected,e1000000-0000-0000-0000-000000000001,d8e4f049-19d0-46de-9a53-ef0e10c41f6c,abnormality,upsert_abnormality,"{""type"":""long_idle"",""severity"":""CRITICAL"",""confidence"":1,""session_id"":""59771728-842b-4577-9467-acd80a5b3f27""}",,,2026-03-19 11:35:04.220806
762d8900-538a-4562-bf52-5755a9e7e11d,flag_reviewed,7655942d-098c-472a-a03d-bb2d96e0450d,7655942d-098c-472a-a03d-bb2d96e0450d,abnormality,review_warning_issued,"{""decision"":""warning_issued"",""severity"":""CRITICAL"",""session_id"":""de0138bc-594b-446f-bece-64131313ad77"",""abnormality_id"":""f068856c-028c-4ecb-b709-3dfd6f1ae906""}",,,2026-04-15 18:35:39.056659
771d3f1d-5163-4988-a2c9-f8f6660372ea,abnormality_detected,0538b32c-c891-41bd-a82e-b150f09fc50e,de163820-d6fb-4d46-9f9e-81325aa9b6cc,abnormality,upsert_abnormality,"{""type"":""minimal_activity"",""severity"":""CRITICAL"",""confidence"":0.9869,""session_id"":""d74eb73f-0f9c-4540-bb0d-e58656d4a31c""}",,,2026-03-20 09:12:43.730021
77487d7a-3d67-4419-a751-196dee6bfeb5,abnormality_detected,0538b32c-c891-41bd-a82e-b150f09fc50e,de163820-d6fb-4d46-9f9e-81325aa9b6cc,abnormality,upsert_abnormality,"{""type"":""long_idle"",""severity"":""CRITICAL"",""confidence"":1,""session_id"":""d74eb73f-0f9c-4540-bb0d-e58656d4a31c""}",,,2026-03-20 07:24:27.027455
7792bc5b-44eb-4413-87f1-c064e9a643c0,flag_reviewed,7655942d-098c-472a-a03d-bb2d96e0450d,7655942d-098c-472a-a03d-bb2d96e0450d,abnormality,review_warning_issued,"{""decision"":""warning_issued"",""severity"":""CRITICAL"",""session_id"":""6e67c504-60af-452d-accd-8f1809395426"",""abnormality_id"":""b9910b71-d48d-476c-b119-5285eaa7eaeb""}",,,2026-04-15 18:43:48.849306
77aac873-db17-4511-bb2d-17ebcdbc9980,abnormality_detected,1950dcfc-8839-4c50-ab2a-11a6f6c018ff,c30846fe-5256-442d-8d06-a72150f32ab1,abnormality,upsert_abnormality,"{""type"":""rapid_paste"",""severity"":""CRITICAL"",""confidence"":0.8,""session_id"":""f5783da6-6e4e-407e-9650-60847a360f63""}",,,2026-04-14 18:13:55.082249
77c77f11-4b24-4852-afaf-9eb2b545f24a,abnormality_detected,1950dcfc-8839-4c50-ab2a-11a6f6c018ff,89351406-d13e-4666-9f75-6fe6028d597d,abnormality,upsert_abnormality,"{""type"":""rapid_paste"",""severity"":""CRITICAL"",""confidence"":0.8,""session_id"":""d0aca746-b1bf-4c30-a962-eead4b62a015""}",,,2026-04-15 18:37:13.974835
77c90c58-fe44-4c7c-ad8c-b9fb46fd33bd,abnormality_detected,e1000000-0000-0000-0000-000000000001,d8e4f049-19d0-46de-9a53-ef0e10c41f6c,abnormality,upsert_abnormality,"{""type"":""minimal_activity"",""severity"":""CRITICAL"",""confidence"":1,""session_id"":""59771728-842b-4577-9467-acd80a5b3f27""}",,,2026-03-19 11:40:17.547801
78292d72-19b3-4d55-ae14-de381f619882,flag_reviewed,a1000000-0000-0000-0000-000000000001,e1000000-0000-0000-0000-000000000001,abnormality,review_dismissed,"{""session_id"":""fe57bc10-fd21-5b8f-b179-8a93c2380dfb""}",,,2026-03-18 07:35:13.182368
790baf72-a677-4b51-94a1-6054f705bc08,abnormality_detected,60981727-cff3-4f24-865f-0917898bb71e,2d5868a1-ff4c-4528-8665-efa6d531adeb,abnormality,upsert_abnormality,"{""type"":""keyboard_sitting"",""severity"":""CRITICAL"",""confidence"":0.95,""session_id"":""012483d2-16b2-42cc-92a2-4a0841f37a1f""}",,,2026-04-14 17:18:41.162845
79ccd801-b940-4c76-b64a-b2c13277ca8a,abnormality_detected,0538b32c-c891-41bd-a82e-b150f09fc50e,de163820-d6fb-4d46-9f9e-81325aa9b6cc,abnormality,upsert_abnormality,"{""type"":""long_idle"",""severity"":""CRITICAL"",""confidence"":1,""session_id"":""d74eb73f-0f9c-4540-bb0d-e58656d4a31c""}",,,2026-03-20 07:45:06.433012
79fa5d63-cf64-4427-86b2-f3e76000c66b,abnormality_detected,0538b32c-c891-41bd-a82e-b150f09fc50e,de163820-d6fb-4d46-9f9e-81325aa9b6cc,abnormality,upsert_abnormality,"{""type"":""clock_in_clock_out"",""severity"":""CRITICAL"",""confidence"":0.9345,""session_id"":""d74eb73f-0f9c-4540-bb0d-e58656d4a31c""}",,,2026-03-20 06:17:20.422828
7a0cd7cb-fe02-462c-aa51-e0d292ce3709,abnormality_detected,0538b32c-c891-41bd-a82e-b150f09fc50e,de163820-d6fb-4d46-9f9e-81325aa9b6cc,abnormality,upsert_abnormality,"{""type"":""clock_in_clock_out"",""severity"":""CRITICAL"",""confidence"":0.9345,""session_id"":""d74eb73f-0f9c-4540-bb0d-e58656d4a31c""}",,,2026-03-20 08:00:29.028229
7aa8fc6d-60b5-4b84-895c-ff526169f6fd,abnormality_detected,0538b32c-c891-41bd-a82e-b150f09fc50e,de163820-d6fb-4d46-9f9e-81325aa9b6cc,abnormality,upsert_abnormality,"{""type"":""clock_in_clock_out"",""severity"":""CRITICAL"",""confidence"":0.9345,""session_id"":""d74eb73f-0f9c-4540-bb0d-e58656d4a31c""}",,,2026-03-20 09:07:39.61971
7b33516f-a7f6-4e57-8734-22b5f68ca1ed,abnormality_detected,7655942d-098c-472a-a03d-bb2d96e0450d,4df113a9-b296-471b-9feb-a4120b569ec4,abnormality,upsert_abnormality,"{""type"":""suspicious_paste"",""severity"":""CRITICAL"",""confidence"":0.99,""session_id"":""e32dd7ee-eb3b-4eed-99ba-658eeef3e1d8""}",,,2026-03-19 08:46:28.176064
7c09f6a5-a29b-4867-9ecd-9db0e0b7b7fd,session_started,7655942d-098c-472a-a03d-bb2d96e0450d,338522c7-0c75-4080-924d-45c242236239,session,start_session,"{""start_time"":""2026-04-14T11:20:29.372874""}",,,2026-04-14 11:19:52.611021
7c2b888a-7248-457c-84be-8ebda76af6c7,abnormality_detected,0538b32c-c891-41bd-a82e-b150f09fc50e,de163820-d6fb-4d46-9f9e-81325aa9b6cc,abnormality,upsert_abnormality,"{""type"":""long_idle"",""severity"":""CRITICAL"",""confidence"":1,""session_id"":""d74eb73f-0f9c-4540-bb0d-e58656d4a31c""}",,,2026-03-20 09:17:56.423259
7cf3a183-0010-4191-9817-3e389f39306b,user_login,7655942d-098c-472a-a03d-bb2d96e0450d,7655942d-098c-472a-a03d-bb2d96e0450d,employee,login,"{""role"":""employee""}",103.155.141.248,python-httpx/0.28.1,2026-04-22 11:40:47.850519
7d6fb32c-5ed7-442d-b9b7-236e1ff13b79,abnormality_detected,1950dcfc-8839-4c50-ab2a-11a6f6c018ff,c30846fe-5256-442d-8d06-a72150f32ab1,abnormality,upsert_abnormality,"{""type"":""suspicious_paste"",""severity"":""CRITICAL"",""confidence"":0.99,""session_id"":""f5783da6-6e4e-407e-9650-60847a360f63""}",,,2026-04-15 14:20:41.642429
7e1e4d47-643b-486f-ad46-65eca35fcb42,abnormality_detected,e1000000-0000-0000-0000-000000000001,d8e4f049-19d0-46de-9a53-ef0e10c41f6c,abnormality,upsert_abnormality,"{""type"":""rapid_paste"",""severity"":""CRITICAL"",""confidence"":0.8,""session_id"":""59771728-842b-4577-9467-acd80a5b3f27""}",,,2026-03-19 11:29:58.374211
7e4fd574-6171-4b51-99f7-51f7cdd857d3,flag_reviewed,a1000000-0000-0000-0000-000000000001,e1000000-0000-0000-0000-000000000005,abnormality,review_dismissed,"{""decision"":""dismissed"",""severity"":""HIGH"",""session_id"":""7d64d39e-cbed-5519-8d3b-98e2bc984f66"",""abnormality_id"":""5f534c09-8b7b-4b1e-8ba5-b75905dfd31c""}",,,2026-03-18 17:24:43.525861
8019f899-7b0e-4917-bdaa-74706f6acc83,abnormality_detected,7655942d-098c-472a-a03d-bb2d96e0450d,f068856c-028c-4ecb-b709-3dfd6f1ae906,abnormality,upsert_abnormality,"{""type"":""rapid_paste"",""severity"":""CRITICAL"",""confidence"":0.8,""session_id"":""de0138bc-594b-446f-bece-64131313ad77""}",,,2026-04-14 12:23:19.832566
802d9b05-b1c9-4577-8174-830a8540ddd5,abnormality_detected,e1000000-0000-0000-0000-000000000001,d8e4f049-19d0-46de-9a53-ef0e10c41f6c,abnormality,upsert_abnormality,"{""type"":""minimal_activity"",""severity"":""CRITICAL"",""confidence"":1,""session_id"":""59771728-842b-4577-9467-acd80a5b3f27""}",,,2026-03-19 10:30:47.317339
80d80682-edaa-4c07-8647-b778e53e6e61,abnormality_detected,7655942d-098c-472a-a03d-bb2d96e0450d,6ab0b703-1d29-4bb2-9f85-f4c306e60b3a,abnormality,upsert_abnormality,"{""type"":""keyboard_sitting"",""severity"":""CRITICAL"",""confidence"":1,""session_id"":""338522c7-0c75-4080-924d-45c242236239""}",,,2026-04-14 11:30:20.989011
824415ea-3d71-4f6b-ab7c-89ddb5d3e733,abnormality_detected,60981727-cff3-4f24-865f-0917898bb71e,1e1eb5c3-44fc-4aaf-90dd-1e5fb1a9ca2b,abnormality,upsert_abnormality,"{""type"":""suspicious_paste"",""severity"":""CRITICAL"",""confidence"":0.95,""session_id"":""40e3f459-2ebf-423f-b275-f3e6fc5e93b1""}",,,2026-04-14 11:55:00.514827
82633f1b-b76e-4181-919d-da6a8d048677,abnormality_detected,e1000000-0000-0000-0000-000000000001,d8e4f049-19d0-46de-9a53-ef0e10c41f6c,abnormality,upsert_abnormality,"{""type"":""rapid_paste"",""severity"":""CRITICAL"",""confidence"":0.8,""session_id"":""59771728-842b-4577-9467-acd80a5b3f27""}",,,2026-03-19 11:52:07.164891
8295e7ba-5726-47df-bbed-b858b3f261f1,abnormality_detected,e1000000-0000-0000-0000-000000000001,d8e4f049-19d0-46de-9a53-ef0e10c41f6c,abnormality,upsert_abnormality,"{""type"":""suspicious_paste"",""severity"":""CRITICAL"",""confidence"":0.99,""session_id"":""59771728-842b-4577-9467-acd80a5b3f27""}",,,2026-03-19 10:30:48.83715
83732c13-a7b8-4fe3-93b7-473c22ca33a6,flag_reviewed,7655942d-098c-472a-a03d-bb2d96e0450d,7655942d-098c-472a-a03d-bb2d96e0450d,abnormality,review_escalated,"{""decision"":""escalated"",""severity"":""CRITICAL"",""session_id"":""338522c7-0c75-4080-924d-45c242236239"",""abnormality_id"":""6ab0b703-1d29-4bb2-9f85-f4c306e60b3a""}",,,2026-04-15 18:39:09.365581
83791f3a-5285-43ff-9397-e1534cfbbe5e,user_login,50289596-773e-4a9c-8f95-d20c29c8b000,50289596-773e-4a9c-8f95-d20c29c8b000,employee,login,"{""role"":""employee""}",157.49.126.25,python-httpx/0.28.1,2026-04-16 12:37:26.536769
8414b2ab-8c18-4a3c-a887-9c6b5b3e3dc6,abnormality_detected,1950dcfc-8839-4c50-ab2a-11a6f6c018ff,c30846fe-5256-442d-8d06-a72150f32ab1,abnormality,upsert_abnormality,"{""type"":""long_idle"",""severity"":""CRITICAL"",""confidence"":1,""session_id"":""f5783da6-6e4e-407e-9650-60847a360f63""}",,,2026-04-15 14:19:39.654448
8473b587-87e4-4450-9505-fc07ee04db75,abnormality_detected,60981727-cff3-4f24-865f-0917898bb71e,2d5868a1-ff4c-4528-8665-efa6d531adeb,abnormality,upsert_abnormality,"{""type"":""rapid_paste"",""severity"":""CRITICAL"",""confidence"":0.8,""session_id"":""012483d2-16b2-42cc-92a2-4a0841f37a1f""}",,,2026-04-14 17:13:37.964579
84c5bfeb-2b5a-4cbb-8516-5f0910388b9d,task_completed,1950dcfc-8839-4c50-ab2a-11a6f6c018ff,bc1e39dc-9fd2-41e4-84e0-e96ae4349e99,task,complete_task,"{""note"":"""",""title"":""red""}",,,2026-04-15 13:20:54.891314
85069483-821e-4b5c-8943-0ee538ff4c8d,user_login,7655942d-098c-472a-a03d-bb2d96e0450d,7655942d-098c-472a-a03d-bb2d96e0450d,employee,login,"{""role"":""admin""}",152.58.116.236,"Mozilla/5.0 (Windows NT 10.0; Win64; x64) AppleWebKit/537.36 (KHTML, like Gecko) Chrome/147.0.0.0 Safari/537.36",2026-04-17 04:55:52.664839
85ab5d7a-755d-44cf-ab63-3deec8bd0109,abnormality_detected,0538b32c-c891-41bd-a82e-b150f09fc50e,de163820-d6fb-4d46-9f9e-81325aa9b6cc,abnormality,upsert_abnormality,"{""type"":""minimal_activity"",""severity"":""CRITICAL"",""confidence"":0.9869,""session_id"":""d74eb73f-0f9c-4540-bb0d-e58656d4a31c""}",,,2026-03-20 09:28:13.658592
85b06a55-9b34-4e6b-9943-14218b4a3ca3,abnormality_detected,0538b32c-c891-41bd-a82e-b150f09fc50e,de163820-d6fb-4d46-9f9e-81325aa9b6cc,abnormality,upsert_abnormality,"{""type"":""long_idle"",""severity"":""CRITICAL"",""confidence"":1,""session_id"":""d74eb73f-0f9c-4540-bb0d-e58656d4a31c""}",,,2026-03-20 05:25:46.213474
85d8a8b7-c1e4-4ab9-bd7f-d95eea8bb357,abnormality_detected,1950dcfc-8839-4c50-ab2a-11a6f6c018ff,c30846fe-5256-442d-8d06-a72150f32ab1,abnormality,upsert_abnormality,"{""type"":""suspicious_paste"",""severity"":""CRITICAL"",""confidence"":0.99,""session_id"":""f5783da6-6e4e-407e-9650-60847a360f63""}",,,2026-04-15 13:37:48.180046
85e5584f-4257-4681-874e-2a4a7c4ce3e8,abnormality_detected,0538b32c-c891-41bd-a82e-b150f09fc50e,de163820-d6fb-4d46-9f9e-81325aa9b6cc,abnormality,upsert_abnormality,"{""type"":""clock_in_clock_out"",""severity"":""CRITICAL"",""confidence"":0.9345,""session_id"":""d74eb73f-0f9c-4540-bb0d-e58656d4a31c""}",,,2026-03-20 08:46:58.543742
8608539e-d73b-431e-acf6-055d06712ad7,flag_reviewed,078b8628-dcb3-4bbf-9a64-ce01557013a5,0d985da7-bbf3-4d5b-bfe9-010a3456c41c,abnormality,review_escalated,"{""decision"":""escalated"",""severity"":""HIGH"",""session_id"":""7cf2d12f-08da-45ff-81a5-9d8eef59f886"",""abnormality_id"":""5da0ad5a-a7a5-4de6-a459-93a553a9366b""}",,,2026-04-17 18:24:58.901129
86278797-55d7-4a4a-9f13-a754400182b7,abnormality_detected,0538b32c-c891-41bd-a82e-b150f09fc50e,de163820-d6fb-4d46-9f9e-81325aa9b6cc,abnormality,upsert_abnormality,"{""type"":""minimal_activity"",""severity"":""CRITICAL"",""confidence"":0.9869,""session_id"":""d74eb73f-0f9c-4540-bb0d-e58656d4a31c""}",,,2026-03-20 08:26:12.834826
866b87f7-0a9e-4caf-90c2-9d9fc6c2ab60,abnormality_detected,1950dcfc-8839-4c50-ab2a-11a6f6c018ff,c30846fe-5256-442d-8d06-a72150f32ab1,abnormality,upsert_abnormality,"{""type"":""suspicious_paste"",""severity"":""CRITICAL"",""confidence"":0.99,""session_id"":""f5783da6-6e4e-407e-9650-60847a360f63""}",,,2026-04-14 18:10:00.590211
8696ec8b-cb4f-4a4b-b44c-b34c9568ceb2,user_login,7655942d-098c-472a-a03d-bb2d96e0450d,7655942d-098c-472a-a03d-bb2d96e0450d,employee,login,"{""role"":""admin""}",2409:40d0:139a:fc8d:8000::,"Mozilla/5.0 (Linux; Android 10; K) AppleWebKit/537.36 (KHTML, like Gecko) Chrome/146.0.0.0 Mobile Safari/537.36",2026-03-21 10:03:51.985931
870a9bbd-0f7d-49f5-ad7b-86f10f88116f,abnormality_detected,0538b32c-c891-41bd-a82e-b150f09fc50e,de163820-d6fb-4d46-9f9e-81325aa9b6cc,abnormality,upsert_abnormality,"{""type"":""minimal_activity"",""severity"":""CRITICAL"",""confidence"":0.9869,""session_id"":""d74eb73f-0f9c-4540-bb0d-e58656d4a31c""}",,,2026-03-20 09:07:33.337302
870d9bf7-b2cf-4f1b-ae6c-ae43a93fbb1b,session_started,60981727-cff3-4f24-865f-0917898bb71e,575636eb-ee41-4a36-ba81-07f00c9394d1,session,start_session,"{""start_time"":""2026-03-21T10:09:43.281314""}",,,2026-03-21 10:09:44.399213
876d4937-6569-4438-adab-e985c3d72038,abnormality_detected,a1000000-0000-0000-0000-000000000001,4375674f-5ca0-4b26-a9ad-93b692b82519,abnormality,upsert_abnormality,"{""type"":""suspicious_paste"",""severity"":""CRITICAL"",""confidence"":0.99,""session_id"":""4b51c55d-bb0a-48b0-883a-1c927c283ce3""}",,,2026-03-18 16:40:00.714466
87daa701-0095-4cc2-90e8-bb1c3742dec4,abnormality_detected,0538b32c-c891-41bd-a82e-b150f09fc50e,fa599360-c58c-4463-85bd-9b36c302570b,abnormality,upsert_abnormality,"{""type"":""suspicious_paste"",""severity"":""CRITICAL"",""confidence"":0.99,""session_id"":""6df05c83-b8f6-43a3-8660-7856124405f0""}",,,2026-04-14 17:54:29.148156
8821bb11-4108-4218-b61f-b0cfbfe6690b,abnormality_detected,0538b32c-c891-41bd-a82e-b150f09fc50e,de163820-d6fb-4d46-9f9e-81325aa9b6cc,abnormality,upsert_abnormality,"{""type"":""long_idle"",""severity"":""CRITICAL"",""confidence"":1,""session_id"":""d74eb73f-0f9c-4540-bb0d-e58656d4a31c""}",,,2026-03-20 08:10:45.830498
898493fb-025d-4346-9738-87995673b043,abnormality_detected,7655942d-098c-472a-a03d-bb2d96e0450d,4df113a9-b296-471b-9feb-a4120b569ec4,abnormality,upsert_abnormality,"{""type"":""rapid_paste"",""severity"":""CRITICAL"",""confidence"":0.8,""session_id"":""e32dd7ee-eb3b-4eed-99ba-658eeef3e1d8""}",,,2026-03-19 08:43:50.61036
89a07d25-c1c7-4dcb-87b7-94b3a57b03a5,abnormality_detected,0538b32c-c891-41bd-a82e-b150f09fc50e,de163820-d6fb-4d46-9f9e-81325aa9b6cc,abnormality,upsert_abnormality,"{""type"":""minimal_activity"",""severity"":""CRITICAL"",""confidence"":0.9657,""session_id"":""d74eb73f-0f9c-4540-bb0d-e58656d4a31c""}",,,2026-03-20 05:36:01.633199
8a347885-67b2-41fa-9531-941c41c5996c,abnormality_detected,60981727-cff3-4f24-865f-0917898bb71e,2d5868a1-ff4c-4528-8665-efa6d531adeb,abnormality,upsert_abnormality,"{""type"":""keyboard_sitting"",""severity"":""CRITICAL"",""confidence"":0.95,""session_id"":""012483d2-16b2-42cc-92a2-4a0841f37a1f""}",,,2026-04-14 17:07:44.342472
8a9df7e8-49a6-4834-8010-eca508c44b97,user_login,60981727-cff3-4f24-865f-0917898bb71e,60981727-cff3-4f24-865f-0917898bb71e,employee,login,"{""role"":""employee""}",127.0.0.1,"Mozilla/5.0 (Windows NT 10.0; Win64; x64) AppleWebKit/537.36 (KHTML, like Gecko) Chrome/147.0.0.0 Safari/537.36",2026-04-16 08:40:43.287168
8ac33f73-1d9c-476b-a703-98dcb955f801,user_login,a1000000-0000-0000-0000-000000000001,a1000000-0000-0000-0000-000000000001,employee,login,"{""role"":""admin""}",2409:40d0:28:5bf7:8000::,"Mozilla/5.0 (Linux; Android 10; K) AppleWebKit/537.36 (KHTML, like Gecko) Chrome/146.0.0.0 Mobile Safari/537.36",2026-03-20 17:46:32.935138
8bdef735-1e3a-48d5-b5a4-c40f2647f150,abnormality_detected,0538b32c-c891-41bd-a82e-b150f09fc50e,de163820-d6fb-4d46-9f9e-81325aa9b6cc,abnormality,upsert_abnormality,"{""type"":""minimal_activity"",""severity"":""CRITICAL"",""confidence"":0.9704,""session_id"":""d74eb73f-0f9c-4540-bb0d-e58656d4a31c""}",,,2026-03-20 05:41:10.805989
8c3200d2-7212-405b-a1e4-0bdc646f62f0,abnormality_detected,1950dcfc-8839-4c50-ab2a-11a6f6c018ff,c30846fe-5256-442d-8d06-a72150f32ab1,abnormality,upsert_abnormality,"{""type"":""burst_then_idle"",""severity"":""CRITICAL"",""confidence"":0.7244,""session_id"":""f5783da6-6e4e-407e-9650-60847a360f63""}",,,2026-04-15 14:46:04.708195
8c83f628-2480-436a-9386-c0134c8682ac,abnormality_detected,60981727-cff3-4f24-865f-0917898bb71e,3fbe5620-dba5-4d8f-92ca-7d9470d4102c,abnormality,upsert_abnormality,"{""type"":""long_idle"",""severity"":""CRITICAL"",""confidence"":1,""session_id"":""575636eb-ee41-4a36-ba81-07f00c9394d1""}",,,2026-03-21 10:30:01.89615
8cea17dd-8515-4308-9063-cc279962f78e,user_login,0b31d4b4-1fe8-4eba-85b1-0612a3802a01,0b31d4b4-1fe8-4eba-85b1-0612a3802a01,employee,login,"{""role"":""admin""}",103.155.141.248,"Mozilla/5.0 (Linux; Android 6.0; Nexus 5 Build/MRA58N) AppleWebKit/537.36 (KHTML, like Gecko) Chrome/147.0.0.0 Mobile Safari/537.36",2026-04-22 17:18:41.143947
8d26e2f1-9b7d-4148-bb99-6fc3c3f60b08,abnormality_detected,e1000000-0000-0000-0000-000000000001,d8e4f049-19d0-46de-9a53-ef0e10c41f6c,abnormality,upsert_abnormality,"{""type"":""minimal_activity"",""severity"":""CRITICAL"",""confidence"":1,""session_id"":""59771728-842b-4577-9467-acd80a5b3f27""}",,,2026-03-19 09:34:36.669394
8d4ea7e5-6ed4-461e-b3f1-94153d55dbe9,user_login,7655942d-098c-472a-a03d-bb2d96e0450d,7655942d-098c-472a-a03d-bb2d96e0450d,employee,login,"{""role"":""admin""}",127.0.0.1,python-httpx/0.25.2,2026-04-12 17:31:01.82551
8d61a3ba-d9bd-45a7-a382-91252a98478a,abnormality_detected,e1000000-0000-0000-0000-000000000001,d8e4f049-19d0-46de-9a53-ef0e10c41f6c,abnormality,upsert_abnormality,"{""type"":""superhuman_speed"",""severity"":""CRITICAL"",""confidence"":1,""session_id"":""59771728-842b-4577-9467-acd80a5b3f27""}",,,2026-03-19 10:36:02.954845
8d9ac095-bffe-4747-9604-355aa91207e8,appeal_reviewed,7655942d-098c-472a-a03d-bb2d96e0450d,0538b32c-c891-41bd-a82e-b150f09fc50e,appeal,appeal_rejected,"{""decision"":""rejected"",""appeal_id"":""3ab4a3f8-03b1-465d-8eba-f864783ab865"",""session_id"":""d74eb73f-0f9c-4540-bb0d-e58656d4a31c""}",,,2026-03-21 09:22:20.169572
8e145084-f943-45f7-ab7f-b674ab52912c,user_login,7655942d-098c-472a-a03d-bb2d96e0450d,7655942d-098c-472a-a03d-bb2d96e0450d,employee,login,"{""role"":""admin""}",103.155.140.67,"Mozilla/5.0 (Windows NT 10.0; Win64; x64) AppleWebKit/537.36 (KHTML, like Gecko) Chrome/146.0.0.0 Safari/537.36",2026-03-21 09:43:43.40676
8e8bc4c0-0c07-4dcd-92ca-80671e5255cf,abnormality_detected,0538b32c-c891-41bd-a82e-b150f09fc50e,de163820-d6fb-4d46-9f9e-81325aa9b6cc,abnormality,upsert_abnormality,"{""type"":""long_idle"",""severity"":""CRITICAL"",""confidence"":1,""session_id"":""d74eb73f-0f9c-4540-bb0d-e58656d4a31c""}",,,2026-03-20 05:30:55.44575
8e916897-17df-4d81-81d1-e330dd61d386,user_login,1950dcfc-8839-4c50-ab2a-11a6f6c018ff,1950dcfc-8839-4c50-ab2a-11a6f6c018ff,employee,login,"{""role"":""employee""}",103.112.19.166,"Mozilla/5.0 (Windows NT 10.0; Win64; x64) AppleWebKit/537.36 (KHTML, like Gecko) Chrome/147.0.0.0 Safari/537.36 Edg/147.0.0.0",2026-04-17 17:19:15.417223
8e9cf8c4-a17c-4454-9eda-e5b73fc16a2c,abnormality_detected,0538b32c-c891-41bd-a82e-b150f09fc50e,de163820-d6fb-4d46-9f9e-81325aa9b6cc,abnormality,upsert_abnormality,"{""type"":""minimal_activity"",""severity"":""CRITICAL"",""confidence"":0.9869,""session_id"":""d74eb73f-0f9c-4540-bb0d-e58656d4a31c""}",,,2026-03-20 09:02:23.323383
8ed6fed2-4a03-4989-b036-6e69fb67eabb,abnormality_detected,7655942d-098c-472a-a03d-bb2d96e0450d,07f2a2f3-ac91-4a57-8418-6f81883c3214,abnormality,upsert_abnormality,"{""type"":""minimal_activity"",""severity"":""CRITICAL"",""confidence"":0.9092,""session_id"":""558af15d-e36f-4a97-ac39-80dcfd0cd293""}",,,2026-04-18 05:00:08.823007
8f5df988-035b-4e97-9f85-a0a8688dcabd,abnormality_detected,0538b32c-c891-41bd-a82e-b150f09fc50e,de163820-d6fb-4d46-9f9e-81325aa9b6cc,abnormality,upsert_abnormality,"{""type"":""minimal_activity"",""severity"":""CRITICAL"",""confidence"":0.9763,""session_id"":""d74eb73f-0f9c-4540-bb0d-e58656d4a31c""}",,,2026-03-20 05:51:28.81688
8f89eb8a-fe81-48f2-b815-8643e3ebf313,session_ended,7655942d-098c-472a-a03d-bb2d96e0450d,de0138bc-594b-446f-bece-64131313ad77,session,end_session,"{""status"":""incomplete"",""lunch_taken"":false,""work_minutes"":0,""break_minutes"":0}",,,2026-04-14 12:23:26.096875
900caebe-5ff0-4fa4-b845-08dfe7d06e82,abnormality_detected,1950dcfc-8839-4c50-ab2a-11a6f6c018ff,c30846fe-5256-442d-8d06-a72150f32ab1,abnormality,upsert_abnormality,"{""type"":""burst_then_idle"",""severity"":""CRITICAL"",""confidence"":0.7244,""session_id"":""f5783da6-6e4e-407e-9650-60847a360f63""}",,,2026-04-15 14:45:01.540637
9023efe3-a58b-4131-870e-fe527c1daec2,user_login,a1000000-0000-0000-0000-000000000001,a1000000-0000-0000-0000-000000000001,employee,login,"{""role"":""admin""}",103.155.140.67,python-httpx/0.25.2,2026-03-19 14:48:09.905446
90a3f1b6-fd02-4990-932a-286f55fa964d,abnormality_detected,0538b32c-c891-41bd-a82e-b150f09fc50e,de163820-d6fb-4d46-9f9e-81325aa9b6cc,abnormality,upsert_abnormality,"{""type"":""minimal_activity"",""severity"":""CRITICAL"",""confidence"":0.9655,""session_id"":""d74eb73f-0f9c-4540-bb0d-e58656d4a31c""}",,,2026-03-20 05:30:52.628369
9108b69a-6d71-4631-97a2-343f4cadb069,abnormality_detected,7655942d-098c-472a-a03d-bb2d96e0450d,4df113a9-b296-471b-9feb-a4120b569ec4,abnormality,upsert_abnormality,"{""type"":""suspicious_paste"",""severity"":""CRITICAL"",""confidence"":0.99,""session_id"":""e32dd7ee-eb3b-4eed-99ba-658eeef3e1d8""}",,,2026-03-19 06:49:04.275155
910ab7dc-9047-497b-b4bb-5ffb3bf4c65e,abnormality_detected,1950dcfc-8839-4c50-ab2a-11a6f6c018ff,89351406-d13e-4666-9f75-6fe6028d597d,abnormality,upsert_abnormality,"{""type"":""suspicious_paste"",""severity"":""CRITICAL"",""confidence"":0.99,""session_id"":""d0aca746-b1bf-4c30-a962-eead4b62a015""}",,,2026-04-15 18:15:08.745628
91270167-73f4-4017-abb2-a942525cad89,abnormality_detected,0538b32c-c891-41bd-a82e-b150f09fc50e,de163820-d6fb-4d46-9f9e-81325aa9b6cc,abnormality,upsert_abnormality,"{""type"":""long_idle"",""severity"":""CRITICAL"",""confidence"":1,""session_id"":""d74eb73f-0f9c-4540-bb0d-e58656d4a31c""}",,,2026-03-20 10:09:35.918755
913b449a-07a6-4554-a77a-87a16c93dd9d,abnormality_detected,0538b32c-c891-41bd-a82e-b150f09fc50e,de163820-d6fb-4d46-9f9e-81325aa9b6cc,abnormality,upsert_abnormality,"{""type"":""minimal_activity"",""severity"":""CRITICAL"",""confidence"":0.9736,""session_id"":""d74eb73f-0f9c-4540-bb0d-e58656d4a31c""}",,,2026-03-20 05:46:19.514618
91c5e213-b08f-4b8e-96e2-4f6916264609,flag_reviewed,a1000000-0000-0000-0000-000000000001,a1000000-0000-0000-0000-000000000001,abnormality,review_escalated,"{""decision"":""escalated"",""severity"":""CRITICAL"",""session_id"":""4b51c55d-bb0a-48b0-883a-1c927c283ce3"",""abnormality_id"":""4375674f-5ca0-4b26-a9ad-93b692b82519""}",,,2026-03-18 16:57:45.637811
91e84ef2-7663-44e4-ae02-b9a064eea205,abnormality_detected,0538b32c-c891-41bd-a82e-b150f09fc50e,de163820-d6fb-4d46-9f9e-81325aa9b6cc,abnormality,upsert_abnormality,"{""type"":""minimal_activity"",""severity"":""CRITICAL"",""confidence"":0.9843,""session_id"":""d74eb73f-0f9c-4540-bb0d-e58656d4a31c""}",,,2026-03-20 06:17:14.623337
921f4227-f346-4cda-800d-656a5ed12030,session_started,60981727-cff3-4f24-865f-0917898bb71e,012483d2-16b2-42cc-92a2-4a0841f37a1f,session,start_session,"{""start_time"":""2026-04-14T17:07:06.909142""}",,,2026-04-14 17:06:29.991473
92d57fa1-287b-4a8f-8307-75f1b5342d19,user_login,7655942d-098c-472a-a03d-bb2d96e0450d,7655942d-098c-472a-a03d-bb2d96e0450d,employee,login,"{""role"":""admin""}",43.230.106.48,python-httpx/0.25.2,2026-04-12 16:35:27.227678
93000965-56ca-4aba-84c8-0733a7d25c79,abnormality_detected,0538b32c-c891-41bd-a82e-b150f09fc50e,de163820-d6fb-4d46-9f9e-81325aa9b6cc,abnormality,upsert_abnormality,"{""type"":""clock_in_clock_out"",""severity"":""CRITICAL"",""confidence"":0.9345,""session_id"":""d74eb73f-0f9c-4540-bb0d-e58656d4a31c""}",,,2026-03-20 05:56:43.625732
93a327ce-9429-4ee3-8533-122634ad5b09,abnormality_detected,a1000000-0000-0000-0000-000000000001,4375674f-5ca0-4b26-a9ad-93b692b82519,abnormality,upsert_abnormality,"{""type"":""suspicious_paste"",""severity"":""CRITICAL"",""confidence"":0.99,""session_id"":""4b51c55d-bb0a-48b0-883a-1c927c283ce3""}",,,2026-03-18 16:29:52.58696
948a3838-ca0f-48a5-b991-a62a0e010fb6,user_login,50289596-773e-4a9c-8f95-d20c29c8b000,50289596-773e-4a9c-8f95-d20c29c8b000,employee,login,"{""role"":""employee""}",157.49.126.25,python-httpx/0.28.1,2026-04-16 13:55:46.236399
94bbf528-a7a5-450d-9d36-f784228d9acc,abnormality_detected,a1000000-0000-0000-0000-000000000001,4375674f-5ca0-4b26-a9ad-93b692b82519,abnormality,upsert_abnormality,"{""type"":""suspicious_paste"",""severity"":""CRITICAL"",""confidence"":0.99,""session_id"":""4b51c55d-bb0a-48b0-883a-1c927c283ce3""}",,,2026-03-18 16:55:22.39425
9516dba8-21fb-4b8b-a7ca-f0f516ef12fb,abnormality_detected,7655942d-098c-472a-a03d-bb2d96e0450d,4df113a9-b296-471b-9feb-a4120b569ec4,abnormality,upsert_abnormality,"{""type"":""suspicious_paste"",""severity"":""CRITICAL"",""confidence"":0.99,""session_id"":""e32dd7ee-eb3b-4eed-99ba-658eeef3e1d8""}",,,2026-03-19 08:43:46.614847
9522541f-886d-44fa-9c84-c8209f122d8d,abnormality_detected,1950dcfc-8839-4c50-ab2a-11a6f6c018ff,c30846fe-5256-442d-8d06-a72150f32ab1,abnormality,upsert_abnormality,"{""type"":""long_idle"",""severity"":""CRITICAL"",""confidence"":1,""session_id"":""f5783da6-6e4e-407e-9650-60847a360f63""}",,,2026-04-15 14:29:49.7194
9581bf3d-86b1-4470-bcb1-9cc670f6f3dc,abnormality_detected,0538b32c-c891-41bd-a82e-b150f09fc50e,de163820-d6fb-4d46-9f9e-81325aa9b6cc,abnormality,upsert_abnormality,"{""type"":""minimal_activity"",""severity"":""CRITICAL"",""confidence"":0.9869,""session_id"":""d74eb73f-0f9c-4540-bb0d-e58656d4a31c""}",,,2026-03-20 06:53:20.043686
95cd995b-cb97-4553-b8fd-6e99f42ac9f3,abnormality_detected,0538b32c-c891-41bd-a82e-b150f09fc50e,de163820-d6fb-4d46-9f9e-81325aa9b6cc,abnormality,upsert_abnormality,"{""type"":""clock_in_clock_out"",""severity"":""CRITICAL"",""confidence"":0.9345,""session_id"":""d74eb73f-0f9c-4540-bb0d-e58656d4a31c""}",,,2026-03-20 09:17:59.423076
960296ae-098d-40cc-9a76-69331c22315e,abnormality_detected,7655942d-098c-472a-a03d-bb2d96e0450d,4df113a9-b296-471b-9feb-a4120b569ec4,abnormality,upsert_abnormality,"{""type"":""suspicious_paste"",""severity"":""CRITICAL"",""confidence"":0.99,""session_id"":""e32dd7ee-eb3b-4eed-99ba-658eeef3e1d8""}",,,2026-03-19 06:59:10.268871
9606a733-fb20-4b8d-bfc1-94bc043dc5e8,user_login,e1000000-0000-0000-0000-000000000001,e1000000-0000-0000-0000-000000000001,employee,login,"{""role"":""employee""}",157.49.10.95,"Mozilla/5.0 (Linux; Android 10; K) AppleWebKit/537.36 (KHTML, like Gecko) Chrome/146.0.0.0 Mobile Safari/537.36",2026-03-19 08:20:06.869406
960816e2-ab7a-4c12-83bb-e65750ee0aa4,abnormality_detected,7655942d-098c-472a-a03d-bb2d96e0450d,4df113a9-b296-471b-9feb-a4120b569ec4,abnormality,upsert_abnormality,"{""type"":""suspicious_paste"",""severity"":""CRITICAL"",""confidence"":0.99,""session_id"":""e32dd7ee-eb3b-4eed-99ba-658eeef3e1d8""}",,,2026-03-19 07:24:25.93827
969b51b3-72be-4ed9-8525-5f7322a1910b,user_login,a1000000-0000-0000-0000-000000000001,a1000000-0000-0000-0000-000000000001,employee,login,"{""role"":""admin""}",127.0.0.1,"Mozilla/5.0 (Windows NT 10.0; Win64; x64) AppleWebKit/537.36 (KHTML, like Gecko) Chrome/147.0.0.0 Safari/537.36",2026-04-14 17:01:49.726557
974234ed-4abd-4b1a-8689-65bb80525c30,abnormality_detected,7655942d-098c-472a-a03d-bb2d96e0450d,f068856c-028c-4ecb-b709-3dfd6f1ae906,abnormality,upsert_abnormality,"{""type"":""suspicious_paste"",""severity"":""CRITICAL"",""confidence"":0.95,""session_id"":""de0138bc-594b-446f-bece-64131313ad77""}",,,2026-04-14 12:19:58.376644
97bdeef9-ba9e-447c-9981-47c53ef70f93,user_login,60981727-cff3-4f24-865f-0917898bb71e,60981727-cff3-4f24-865f-0917898bb71e,employee,login,"{""role"":""employee""}",127.0.0.1,"Mozilla/5.0 (Windows NT 10.0; Win64; x64) AppleWebKit/537.36 (KHTML, like Gecko) Chrome/147.0.0.0 Safari/537.36",2026-04-16 08:00:54.092127
97ea8d45-597d-4a5e-b143-a4300b22a80e,abnormality_detected,a1000000-0000-0000-0000-000000000001,4375674f-5ca0-4b26-a9ad-93b692b82519,abnormality,upsert_abnormality,"{""type"":""suspicious_paste"",""severity"":""CRITICAL"",""confidence"":0.99,""session_id"":""4b51c55d-bb0a-48b0-883a-1c927c283ce3""}",,,2026-03-18 16:56:33.088059
97f10c74-9d37-476c-81f2-fd98c9158867,user_login,0538b32c-c891-41bd-a82e-b150f09fc50e,0538b32c-c891-41bd-a82e-b150f09fc50e,employee,login,"{""role"":""employee""}",103.155.140.67,"Mozilla/5.0 (Windows NT 10.0; Win64; x64) AppleWebKit/537.36 (KHTML, like Gecko) Chrome/146.0.0.0 Safari/537.36",2026-03-21 07:18:53.532927
981ad7de-29fe-438b-b33e-33d66123403c,user_login,60981727-cff3-4f24-865f-0917898bb71e,60981727-cff3-4f24-865f-0917898bb71e,employee,login,"{""role"":""employee""}",127.0.0.1,"Mozilla/5.0 (Windows NT 10.0; Win64; x64) AppleWebKit/537.36 (KHTML, like Gecko) Chrome/147.0.0.0 Safari/537.36",2026-04-14 17:03:10.466968
987a6db7-6fc7-43d9-b433-2a0e339fccc1,session_started,a1000000-0000-0000-0000-000000000001,4b51c55d-bb0a-48b0-883a-1c927c283ce3,session,start_session,"{""start_time"":""2026-03-18T15:40:19.808901""}",,,2026-03-18 15:39:56.36633
98c08a4f-d84b-4880-8084-38928d92ce42,abnormality_detected,0538b32c-c891-41bd-a82e-b150f09fc50e,de163820-d6fb-4d46-9f9e-81325aa9b6cc,abnormality,upsert_abnormality,"{""type"":""long_idle"",""severity"":""CRITICAL"",""confidence"":1,""session_id"":""d74eb73f-0f9c-4540-bb0d-e58656d4a31c""}",,,2026-03-20 08:05:36.141419
9917b312-c10a-43a2-a681-8e01b9c66474,user_login,1950dcfc-8839-4c50-ab2a-11a6f6c018ff,1950dcfc-8839-4c50-ab2a-11a6f6c018ff,employee,login,"{""role"":""employee""}",127.0.0.1,python-httpx/0.25.2,2026-04-14 17:56:08.067047
99b21e84-4f99-40f2-bcb9-06717cb1bc6a,abnormality_detected,e1000000-0000-0000-0000-000000000001,d8e4f049-19d0-46de-9a53-ef0e10c41f6c,abnormality,upsert_abnormality,"{""type"":""suspicious_paste"",""severity"":""CRITICAL"",""confidence"":0.99,""session_id"":""59771728-842b-4577-9467-acd80a5b3f27""}",,,2026-03-19 12:16:52.685073
9aff0ae7-ecb3-4201-9550-921131e5c735,abnormality_detected,0538b32c-c891-41bd-a82e-b150f09fc50e,fa599360-c58c-4463-85bd-9b36c302570b,abnormality,upsert_abnormality,"{""type"":""suspicious_paste"",""severity"":""CRITICAL"",""confidence"":0.99,""session_id"":""6df05c83-b8f6-43a3-8660-7856124405f0""}",,,2026-04-14 17:51:51.382915
9b709e1e-2411-49e2-b42f-2d565705820f,user_login,7655942d-098c-472a-a03d-bb2d96e0450d,7655942d-098c-472a-a03d-bb2d96e0450d,employee,login,"{""role"":""admin""}",157.49.126.25,python-httpx/0.28.1,2026-04-16 12:48:03.042305
9bf1300e-78cc-4167-955b-e2f85fe1a2b0,user_login,7655942d-098c-472a-a03d-bb2d96e0450d,7655942d-098c-472a-a03d-bb2d96e0450d,employee,login,"{""role"":""admin""}",127.0.0.1,python-httpx/0.25.2,2026-03-19 06:38:58.348939
9c48d589-9f4e-4a3c-9b58-f471808075c5,abnormality_detected,7655942d-098c-472a-a03d-bb2d96e0450d,4df113a9-b296-471b-9feb-a4120b569ec4,abnormality,upsert_abnormality,"{""type"":""long_idle"",""severity"":""CRITICAL"",""confidence"":1,""session_id"":""e32dd7ee-eb3b-4eed-99ba-658eeef3e1d8""}",,,2026-03-19 06:54:08.537486
9c5574f5-eac5-4837-a71c-f14754681ef7,abnormality_detected,7655942d-098c-472a-a03d-bb2d96e0450d,58e08ea4-bd4e-4d8f-b432-4b2923ba8c25,abnormality,upsert_abnormality,"{""type"":""suspicious_paste"",""severity"":""CRITICAL"",""confidence"":0.95,""session_id"":""4ec792a0-5def-4a45-9b48-36c1af01be31""}",,,2026-04-16 13:05:00.574212
9cce543d-c627-4d66-9a7c-5d030b92f2c6,flag_reviewed,a1000000-0000-0000-0000-000000000001,e1000000-0000-0000-0000-000000000003,abnormality,warning_issued,"{""session_id"":""05dc1960-999c-5ee2-a9f8-42c09f9d3861""}",,,2026-03-18 07:35:13.182368
9ce68bdf-eda4-45e0-ada9-ad198a48e669,abnormality_detected,0538b32c-c891-41bd-a82e-b150f09fc50e,de163820-d6fb-4d46-9f9e-81325aa9b6cc,abnormality,upsert_abnormality,"{""type"":""minimal_activity"",""severity"":""CRITICAL"",""confidence"":0.9869,""session_id"":""d74eb73f-0f9c-4540-bb0d-e58656d4a31c""}",,,2026-03-20 08:00:23.015836
9d48d5e7-25ea-44e8-8ec9-1aa69d04d588,abnormality_detected,e1000000-0000-0000-0000-000000000001,d8e4f049-19d0-46de-9a53-ef0e10c41f6c,abnormality,upsert_abnormality,"{""type"":""long_idle"",""severity"":""CRITICAL"",""confidence"":1,""session_id"":""59771728-842b-4577-9467-acd80a5b3f27""}",,,2026-03-19 11:52:01.960415
9d6df796-f1e5-4969-9a0d-6f11978c9f70,abnormality_detected,0538b32c-c891-41bd-a82e-b150f09fc50e,fa599360-c58c-4463-85bd-9b36c302570b,abnormality,upsert_abnormality,"{""type"":""long_idle"",""severity"":""CRITICAL"",""confidence"":0.8723,""session_id"":""6df05c83-b8f6-43a3-8660-7856124405f0""}",,,2026-04-14 17:51:54.807398
9da15ab0-8bb0-4f99-977d-87e70d5a44ae,abnormality_detected,0538b32c-c891-41bd-a82e-b150f09fc50e,de163820-d6fb-4d46-9f9e-81325aa9b6cc,abnormality,upsert_abnormality,"{""type"":""minimal_activity"",""severity"":""CRITICAL"",""confidence"":0.9869,""session_id"":""d74eb73f-0f9c-4540-bb0d-e58656d4a31c""}",,,2026-03-20 09:17:53.515761
9df1adfd-e380-40ee-b72a-2464c9471bb8,user_login,7655942d-098c-472a-a03d-bb2d96e0450d,7655942d-098c-472a-a03d-bb2d96e0450d,employee,login,"{""role"":""admin""}",127.0.0.1,python-httpx/0.25.2,2026-04-13 11:34:16.236256
9e2a489d-c099-41e4-82d3-9c2ee3d2c382,abnormality_detected,e1000000-0000-0000-0000-000000000001,d8e4f049-19d0-46de-9a53-ef0e10c41f6c,abnormality,upsert_abnormality,"{""type"":""long_idle"",""severity"":""CRITICAL"",""confidence"":1,""session_id"":""59771728-842b-4577-9467-acd80a5b3f27""}",,,2026-03-19 09:24:27.820457
9e309983-009b-4ce2-932e-6cbf3b3eb7fd,flag_reviewed,0b31d4b4-1fe8-4eba-85b1-0612a3802a01,478a5022-70c4-4fe6-ae07-a741998add51,abnormality,review_warning_issued,"{""decision"":""warning_issued"",""severity"":""HIGH"",""session_id"":""d22b22b3-1869-4393-95b7-171cdddd3790"",""abnormality_id"":""75a6720f-94cc-4686-b518-504916064d05""}",,,2026-04-22 17:39:31.68339
9f1198c3-ff73-440a-b23d-67c47069b5ea,abnormality_detected,e1000000-0000-0000-0000-000000000001,d8e4f049-19d0-46de-9a53-ef0e10c41f6c,abnormality,upsert_abnormality,"{""type"":""burst_then_idle"",""severity"":""CRITICAL"",""confidence"":0.7117,""session_id"":""59771728-842b-4577-9467-acd80a5b3f27""}",,,2026-03-19 10:56:46.400013
9fb1742e-15d6-4e5f-a12e-e3ea99132e49,session_started,e1000000-0000-0000-0000-000000000001,59771728-842b-4577-9467-acd80a5b3f27,session,start_session,"{""start_time"":""2026-03-19T09:04:45.487881""}",,,2026-03-19 09:04:18.539339
a00860d0-69c3-49cc-bb27-c7552815622d,user_login,7655942d-098c-472a-a03d-bb2d96e0450d,7655942d-098c-472a-a03d-bb2d96e0450d,employee,login,"{""role"":""admin""}",127.0.0.1,python-httpx/0.25.2,2026-04-14 11:19:41.125183
a0b95f01-8c70-4833-8c4c-8a1f069dbbe1,abnormality_detected,1950dcfc-8839-4c50-ab2a-11a6f6c018ff,c30846fe-5256-442d-8d06-a72150f32ab1,abnormality,upsert_abnormality,"{""type"":""suspicious_paste"",""severity"":""CRITICAL"",""confidence"":0.99,""session_id"":""f5783da6-6e4e-407e-9650-60847a360f63""}",,,2026-04-14 18:05:56.051779
a0e1c5fa-6d63-4884-96df-70adedccdcda,user_login,7655942d-098c-472a-a03d-bb2d96e0450d,7655942d-098c-472a-a03d-bb2d96e0450d,employee,login,"{""role"":""admin""}",157.49.10.95,"Mozilla/5.0 (Linux; Android 10; K) AppleWebKit/537.36 (KHTML, like Gecko) Chrome/146.0.0.0 Mobile Safari/537.36",2026-03-19 08:21:13.487326
a0e83990-c482-4cde-9215-3add1e9b9d52,user_login,078b8628-dcb3-4bbf-9a64-ce01557013a5,078b8628-dcb3-4bbf-9a64-ce01557013a5,employee,login,"{""role"":""admin""}",103.155.141.248,"Mozilla/5.0 (Windows NT 10.0; Win64; x64) AppleWebKit/537.36 (KHTML, like Gecko) Chrome/147.0.0.0 Safari/537.36",2026-04-22 12:19:17.676762
a16e8539-29e5-4006-aee8-257270066020,abnormality_detected,60981727-cff3-4f24-865f-0917898bb71e,2d5868a1-ff4c-4528-8665-efa6d531adeb,abnormality,upsert_abnormality,"{""type"":""suspicious_paste"",""severity"":""CRITICAL"",""confidence"":0.99,""session_id"":""012483d2-16b2-42cc-92a2-4a0841f37a1f""}",,,2026-04-14 17:31:45.881095
a1d3523d-6b6e-4978-8a27-4735d0e9f155,abnormality_detected,e1000000-0000-0000-0000-000000000001,d8e4f049-19d0-46de-9a53-ef0e10c41f6c,abnormality,upsert_abnormality,"{""type"":""minimal_activity"",""severity"":""CRITICAL"",""confidence"":1,""session_id"":""59771728-842b-4577-9467-acd80a5b3f27""}",,,2026-03-19 09:24:29.598105
a1d4a895-510b-40fc-981f-2ca33c65e268,user_login,a1000000-0000-0000-0000-000000000001,a1000000-0000-0000-0000-000000000001,employee,login,"{""role"":""admin""}",103.155.140.67,python-httpx/0.25.2,2026-03-19 16:54:54.629299
a211feec-f760-43a0-92e4-2ce8abcd02c1,abnormality_detected,e1000000-0000-0000-0000-000000000001,d8e4f049-19d0-46de-9a53-ef0e10c41f6c,abnormality,upsert_abnormality,"{""type"":""minimal_activity"",""severity"":""CRITICAL"",""confidence"":1,""session_id"":""59771728-842b-4577-9467-acd80a5b3f27""}",,,2026-03-19 11:29:52.858426
a27fe980-c826-42de-8424-683736548ef3,abnormality_detected,0538b32c-c891-41bd-a82e-b150f09fc50e,de163820-d6fb-4d46-9f9e-81325aa9b6cc,abnormality,upsert_abnormality,"{""type"":""clock_in_clock_out"",""severity"":""CRITICAL"",""confidence"":0.9345,""session_id"":""d74eb73f-0f9c-4540-bb0d-e58656d4a31c""}",,,2026-03-20 08:15:58.706917
a288afc6-6fdc-4904-9298-5f4130fd946e,abnormality_detected,60981727-cff3-4f24-865f-0917898bb71e,2d5868a1-ff4c-4528-8665-efa6d531adeb,abnormality,upsert_abnormality,"{""type"":""long_idle"",""severity"":""CRITICAL"",""confidence"":1,""session_id"":""012483d2-16b2-42cc-92a2-4a0841f37a1f""}",,,2026-04-14 17:18:43.946738
a37839e1-cf15-49f0-8b9a-4d461ebd809a,abnormality_detected,e1000000-0000-0000-0000-000000000001,d8e4f049-19d0-46de-9a53-ef0e10c41f6c,abnormality,upsert_abnormality,"{""type"":""superhuman_speed"",""severity"":""CRITICAL"",""confidence"":1,""session_id"":""59771728-842b-4577-9467-acd80a5b3f27""}",,,2026-03-19 11:40:23.152167
a3a0f289-1ee4-41c1-99bb-6a605dc44e24,abnormality_detected,e1000000-0000-0000-0000-000000000001,d8e4f049-19d0-46de-9a53-ef0e10c41f6c,abnormality,upsert_abnormality,"{""type"":""long_idle"",""severity"":""CRITICAL"",""confidence"":1,""session_id"":""59771728-842b-4577-9467-acd80a5b3f27""}",,,2026-03-19 11:24:39.347886
a4099476-df14-4040-8a49-c886fac703fd,abnormality_detected,7655942d-098c-472a-a03d-bb2d96e0450d,b9910b71-d48d-476c-b119-5285eaa7eaeb,abnormality,upsert_abnormality,"{""type"":""rapid_paste"",""severity"":""CRITICAL"",""confidence"":0.8,""session_id"":""6e67c504-60af-452d-accd-8f1809395426""}",,,2026-03-19 15:41:04.194577
a419098c-2f5a-481a-9ee5-d2e4e5f57fea,abnormality_detected,e1000000-0000-0000-0000-000000000001,d8e4f049-19d0-46de-9a53-ef0e10c41f6c,abnormality,upsert_abnormality,"{""type"":""superhuman_speed"",""severity"":""CRITICAL"",""confidence"":1,""session_id"":""59771728-842b-4577-9467-acd80a5b3f27""}",,,2026-03-19 11:45:34.437399
a4c32048-4d7e-486f-b9a5-622d7804d1c9,session_started,7655942d-098c-472a-a03d-bb2d96e0450d,2888769e-faf6-43f7-82db-b2d767cdc1f9,session,start_session,"{""start_time"":""2026-04-22T12:20:24.315151""}",,,2026-04-22 12:20:25.23611
a4e4f80f-be39-40e3-85f5-a42e9f88045b,abnormality_detected,e1000000-0000-0000-0000-000000000001,d8e4f049-19d0-46de-9a53-ef0e10c41f6c,abnormality,upsert_abnormality,"{""type"":""superhuman_speed"",""severity"":""CRITICAL"",""confidence"":1,""session_id"":""59771728-842b-4577-9467-acd80a5b3f27""}",,,2026-03-19 10:11:43.390072
a580586b-8e6f-4f02-bc46-f03969769588,abnormality_detected,7655942d-098c-472a-a03d-bb2d96e0450d,b9910b71-d48d-476c-b119-5285eaa7eaeb,abnormality,upsert_abnormality,"{""type"":""keyboard_sitting"",""severity"":""CRITICAL"",""confidence"":0.95,""session_id"":""6e67c504-60af-452d-accd-8f1809395426""}",,,2026-03-19 15:41:13.727747
a64b5301-5e55-450b-90b5-7b814171d669,abnormality_detected,1950dcfc-8839-4c50-ab2a-11a6f6c018ff,c30846fe-5256-442d-8d06-a72150f32ab1,abnormality,upsert_abnormality,"{""type"":""suspicious_paste"",""severity"":""CRITICAL"",""confidence"":0.99,""session_id"":""f5783da6-6e4e-407e-9650-60847a360f63""}",,,2026-04-14 18:13:52.659025
a6778b18-1985-4bd1-a6f6-456f72cc45b6,abnormality_detected,0538b32c-c891-41bd-a82e-b150f09fc50e,de163820-d6fb-4d46-9f9e-81325aa9b6cc,abnormality,upsert_abnormality,"{""type"":""minimal_activity"",""severity"":""CRITICAL"",""confidence"":0.9786,""session_id"":""d74eb73f-0f9c-4540-bb0d-e58656d4a31c""}",,,2026-03-20 05:56:38.025557
a684751f-05a3-4e26-b0d7-d2abb7d84930,session_started,60981727-cff3-4f24-865f-0917898bb71e,1a27c1c3-5d40-4753-b1eb-069bc876a5d2,session,start_session,"{""start_time"":""2026-03-20T04:36:32.301753""}",,,2026-03-20 04:36:33.322795
a6964e98-800b-4edf-84be-ea8331e1e4ae,user_login,a1000000-0000-0000-0000-000000000001,a1000000-0000-0000-0000-000000000001,employee,login,"{""role"":""admin""}",103.155.140.67,"Mozilla/5.0 (Windows NT 10.0; Win64; x64) AppleWebKit/537.36 (KHTML, like Gecko) Chrome/146.0.0.0 Safari/537.36",2026-03-19 17:59:31.428314
a6e08d4d-b1a3-401e-831d-e253094a4092,abnormality_detected,0538b32c-c891-41bd-a82e-b150f09fc50e,de163820-d6fb-4d46-9f9e-81325aa9b6cc,abnormality,upsert_abnormality,"{""type"":""clock_in_clock_out"",""severity"":""CRITICAL"",""confidence"":0.9345,""session_id"":""d74eb73f-0f9c-4540-bb0d-e58656d4a31c""}",,,2026-03-20 06:01:52.505292
a7798b7c-0ec9-4a2d-ba71-2ad5c99a56c3,abnormality_detected,7655942d-098c-472a-a03d-bb2d96e0450d,07f2a2f3-ac91-4a57-8418-6f81883c3214,abnormality,upsert_abnormality,"{""type"":""minimal_activity"",""severity"":""CRITICAL"",""confidence"":0.9092,""session_id"":""558af15d-e36f-4a97-ac39-80dcfd0cd293""}",,,2026-04-18 05:00:07.624679
a898b07f-45a0-4b20-93ff-4f488a9bcdb9,abnormality_detected,0538b32c-c891-41bd-a82e-b150f09fc50e,de163820-d6fb-4d46-9f9e-81325aa9b6cc,abnormality,upsert_abnormality,"{""type"":""clock_in_clock_out"",""severity"":""CRITICAL"",""confidence"":0.9345,""session_id"":""d74eb73f-0f9c-4540-bb0d-e58656d4a31c""}",,,2026-03-20 10:14:49.339763
a8c33d6f-15c2-40c6-8bef-c39e961e57ae,abnormality_detected,7655942d-098c-472a-a03d-bb2d96e0450d,b9910b71-d48d-476c-b119-5285eaa7eaeb,abnormality,create_abnormality,"{""type"":""suspicious_paste"",""severity"":""CRITICAL"",""confidence"":0.99,""session_id"":""6e67c504-60af-452d-accd-8f1809395426""}",,,2026-03-19 15:29:56.974554
a8cf8f2d-9b4c-434b-974f-9e5b2db8a0ab,abnormality_detected,0538b32c-c891-41bd-a82e-b150f09fc50e,de163820-d6fb-4d46-9f9e-81325aa9b6cc,abnormality,upsert_abnormality,"{""type"":""clock_in_clock_out"",""severity"":""CRITICAL"",""confidence"":0.9345,""session_id"":""d74eb73f-0f9c-4540-bb0d-e58656d4a31c""}",,,2026-03-20 07:14:10.025929
a920f412-4031-4fd3-aca5-0da1108fdd39,session_started,60981727-cff3-4f24-865f-0917898bb71e,40e3f459-2ebf-423f-b275-f3e6fc5e93b1,session,start_session,"{""start_time"":""2026-04-14T11:36:15.252811""}",,,2026-04-14 11:35:38.652564
a9f0d8dd-e80c-4cb9-b2d1-de99baf85f91,user_login,7655942d-098c-472a-a03d-bb2d96e0450d,7655942d-098c-472a-a03d-bb2d96e0450d,employee,login,"{""role"":""admin""}",157.49.126.25,"Mozilla/5.0 (Windows NT 10.0; Win64; x64) AppleWebKit/537.36 (KHTML, like Gecko) Chrome/147.0.0.0 Safari/537.36",2026-04-16 12:58:12.231963
aa06bd35-c2f5-4c90-83b2-b6bd07cf7ec3,user_login,1950dcfc-8839-4c50-ab2a-11a6f6c018ff,1950dcfc-8839-4c50-ab2a-11a6f6c018ff,employee,login,"{""role"":""employee""}",152.58.120.231,"Mozilla/5.0 (Linux; Android 10; K) AppleWebKit/537.36 (KHTML, like Gecko) Chrome/146.0.0.0 Mobile Safari/537.36",2026-04-16 10:18:12.89617
aa6bb215-17d0-4901-9c0c-08298968779c,abnormality_detected,a1000000-0000-0000-0000-000000000001,9d06c686-b1c6-40dd-a206-5355c4adf0d8,abnormality,upsert_abnormality,"{""type"":""suspicious_paste"",""severity"":""CRITICAL"",""confidence"":0.99,""session_id"":""2876230b-c7d3-4806-9d66-e1e981584281""}",,,2026-03-19 17:10:19.702781
aabe569c-858c-4b2f-a973-73340a0f38bd,abnormality_detected,7655942d-098c-472a-a03d-bb2d96e0450d,f068856c-028c-4ecb-b709-3dfd6f1ae906,abnormality,upsert_abnormality,"{""type"":""rapid_paste"",""severity"":""CRITICAL"",""confidence"":0.8,""session_id"":""de0138bc-594b-446f-bece-64131313ad77""}",,,2026-04-14 12:19:54.793235
aae3c64c-e620-4895-91dc-11a44146c4bb,session_started,7655942d-098c-472a-a03d-bb2d96e0450d,de0138bc-594b-446f-bece-64131313ad77,session,start_session,"{""start_time"":""2026-04-14T12:10:20.951730""}",,,2026-04-14 12:09:44.249235
ab1f9189-a2e1-423e-b24e-f6ae9d72134f,abnormality_detected,7655942d-098c-472a-a03d-bb2d96e0450d,07f2a2f3-ac91-4a57-8418-6f81883c3214,abnormality,upsert_abnormality,"{""type"":""long_idle"",""severity"":""CRITICAL"",""confidence"":0.7976,""session_id"":""558af15d-e36f-4a97-ac39-80dcfd0cd293""}",,,2026-04-18 05:00:04.491041
ab459e0a-4a0f-4d89-9102-848c077cf281,flag_reviewed,7655942d-098c-472a-a03d-bb2d96e0450d,7655942d-098c-472a-a03d-bb2d96e0450d,abnormality,review_escalated,"{""decision"":""escalated"",""severity"":""CRITICAL"",""session_id"":""e32dd7ee-eb3b-4eed-99ba-658eeef3e1d8"",""abnormality_id"":""4df113a9-b296-471b-9feb-a4120b569ec4""}",,,2026-04-15 18:45:55.437103
ab691e8c-3782-43a5-8348-cd6f4379f211,abnormality_detected,e1000000-0000-0000-0000-000000000004,de344f45-34ef-472f-a4ba-950e9c30f290,abnormality,create_abnormality,"{""type"":""suspicious_paste"",""severity"":""CRITICAL"",""confidence"":0.95,""session_id"":""0b8b2599-074a-4aef-9317-24ea1e1e5f2a""}",,,2026-03-19 12:35:05.284668
ab7d291f-81ca-4c72-a569-09a5f3e180da,abnormality_detected,e1000000-0000-0000-0000-000000000001,d8e4f049-19d0-46de-9a53-ef0e10c41f6c,abnormality,upsert_abnormality,"{""type"":""superhuman_speed"",""severity"":""CRITICAL"",""confidence"":1,""session_id"":""59771728-842b-4577-9467-acd80a5b3f27""}",,,2026-03-19 10:41:13.751072
ab85e7a4-dfa0-4399-89ff-eef086d2b44d,abnormality_detected,e1000000-0000-0000-0000-000000000001,d8e4f049-19d0-46de-9a53-ef0e10c41f6c,abnormality,upsert_abnormality,"{""type"":""long_idle"",""severity"":""CRITICAL"",""confidence"":1,""session_id"":""59771728-842b-4577-9467-acd80a5b3f27""}",,,2026-03-19 11:40:15.638534
abda6051-08d2-4a37-bdbf-615390a829ff,abnormality_detected,1950dcfc-8839-4c50-ab2a-11a6f6c018ff,c30846fe-5256-442d-8d06-a72150f32ab1,abnormality,upsert_abnormality,"{""type"":""suspicious_paste"",""severity"":""CRITICAL"",""confidence"":0.99,""session_id"":""f5783da6-6e4e-407e-9650-60847a360f63""}",,,2026-04-15 14:27:44.773822
abe3c51a-cde9-4ada-af19-8d3557d6e233,abnormality_detected,7655942d-098c-472a-a03d-bb2d96e0450d,4df113a9-b296-471b-9feb-a4120b569ec4,abnormality,upsert_abnormality,"{""type"":""long_idle"",""severity"":""CRITICAL"",""confidence"":1,""session_id"":""e32dd7ee-eb3b-4eed-99ba-658eeef3e1d8""}",,,2026-03-19 06:59:11.579309
ac388c2a-940e-4c9e-b99c-78e0232f8461,user_login,7655942d-098c-472a-a03d-bb2d96e0450d,7655942d-098c-472a-a03d-bb2d96e0450d,employee,login,"{""role"":""admin""}",103.155.140.67,"Mozilla/5.0 (Linux; Android 10; K) AppleWebKit/537.36 (KHTML, like Gecko) Chrome/146.0.0.0 Mobile Safari/537.36",2026-03-21 15:33:04.286941
ac625cd1-4832-4b16-8c86-132cbd2a0dfb,leave_reviewed,7655942d-098c-472a-a03d-bb2d96e0450d,1950dcfc-8839-4c50-ab2a-11a6f6c018ff,leave,leave_approved,"{""decision"":""approved"",""leave_id"":""a982c8ba-d6de-46db-8abb-e8ac8e9d2f6c"",""leave_type"":""EL""}",,,2026-04-16 06:50:08.121658
ac681e8c-6460-44bd-8367-20330ec5b55c,session_ended,7655942d-098c-472a-a03d-bb2d96e0450d,409dca42-87b1-4b74-ab01-cfdb09196b21,session,end_session,"{""status"":""incomplete"",""lunch_taken"":false,""work_minutes"":1,""break_minutes"":0}",,,2026-04-17 10:35:47.878374
ad86d562-4dbd-4673-9d1d-8db2356dff92,abnormality_detected,a1000000-0000-0000-0000-000000000001,4375674f-5ca0-4b26-a9ad-93b692b82519,abnormality,upsert_abnormality,"{""type"":""long_idle"",""severity"":""CRITICAL"",""confidence"":1,""session_id"":""4b51c55d-bb0a-48b0-883a-1c927c283ce3""}",,,2026-03-18 16:56:37.492433
ad9c4b40-541e-4c9c-9cef-8ee2736769ec,abnormality_detected,60981727-cff3-4f24-865f-0917898bb71e,2d5868a1-ff4c-4528-8665-efa6d531adeb,abnormality,upsert_abnormality,"{""type"":""rapid_paste"",""severity"":""CRITICAL"",""confidence"":0.8,""session_id"":""012483d2-16b2-42cc-92a2-4a0841f37a1f""}",,,2026-04-14 17:18:42.506806
ae11d778-7956-4c5d-9aea-14cf097c26cd,abnormality_detected,0538b32c-c891-41bd-a82e-b150f09fc50e,fa599360-c58c-4463-85bd-9b36c302570b,abnormality,upsert_abnormality,"{""type"":""suspicious_paste"",""severity"":""CRITICAL"",""confidence"":0.99,""session_id"":""6df05c83-b8f6-43a3-8660-7856124405f0""}",,,2026-04-14 17:53:56.553854
ae35e5ea-2ff1-42b6-a0cf-d2903f79e3ed,abnormality_detected,0538b32c-c891-41bd-a82e-b150f09fc50e,de163820-d6fb-4d46-9f9e-81325aa9b6cc,abnormality,upsert_abnormality,"{""type"":""minimal_activity"",""severity"":""CRITICAL"",""confidence"":0.9869,""session_id"":""d74eb73f-0f9c-4540-bb0d-e58656d4a31c""}",,,2026-03-20 10:09:32.644233
ae5c9704-48f5-4a4c-bd97-5e59a8f44214,user_login,7655942d-098c-472a-a03d-bb2d96e0450d,7655942d-098c-472a-a03d-bb2d96e0450d,employee,login,"{""role"":""admin""}",2409:40d0:139a:fc8d:8000::,"Mozilla/5.0 (Linux; Android 10; K) AppleWebKit/537.36 (KHTML, like Gecko) Chrome/146.0.0.0 Mobile Safari/537.36",2026-03-21 05:58:34.535391
aef3188b-33f3-40ef-a722-9665b2122b9d,abnormality_detected,0538b32c-c891-41bd-a82e-b150f09fc50e,de163820-d6fb-4d46-9f9e-81325aa9b6cc,abnormality,upsert_abnormality,"{""type"":""clock_in_clock_out"",""severity"":""CRITICAL"",""confidence"":0.9345,""session_id"":""d74eb73f-0f9c-4540-bb0d-e58656d4a31c""}",,,2026-03-20 09:28:19.754038
af00e25f-35f3-4780-a323-65ce8109f595,user_login,7655942d-098c-472a-a03d-bb2d96e0450d,7655942d-098c-472a-a03d-bb2d96e0450d,employee,login,"{""role"":""admin""}",127.0.0.1,python-httpx/0.25.2,2026-04-13 11:29:22.893475
af874af4-4fb3-4959-9f41-a00f3dd15733,abnormality_detected,0538b32c-c891-41bd-a82e-b150f09fc50e,de163820-d6fb-4d46-9f9e-81325aa9b6cc,abnormality,upsert_abnormality,"{""type"":""long_idle"",""severity"":""CRITICAL"",""confidence"":1,""session_id"":""d74eb73f-0f9c-4540-bb0d-e58656d4a31c""}",,,2026-03-20 06:17:17.521332
b0b3590d-757d-4735-b8f6-46f1f7852365,flag_reviewed,078b8628-dcb3-4bbf-9a64-ce01557013a5,91a97f9e-c93b-42f0-bce9-172796794200,abnormality,review_escalated,"{""decision"":""escalated"",""severity"":""HIGH"",""session_id"":""3d259f09-e242-4665-8072-1d4ceeb906f6"",""abnormality_id"":""9d9ebaeb-7809-4957-bdc4-e8c52750b176""}",,,2026-04-17 18:13:41.931762
b1521cdc-3651-4cd8-a809-68cef1996a46,abnormality_detected,0538b32c-c891-41bd-a82e-b150f09fc50e,de163820-d6fb-4d46-9f9e-81325aa9b6cc,abnormality,upsert_abnormality,"{""type"":""long_idle"",""severity"":""CRITICAL"",""confidence"":1,""session_id"":""d74eb73f-0f9c-4540-bb0d-e58656d4a31c""}",,,2026-03-20 06:43:04.179165
b17e3ced-e8d3-4033-817e-7bc14471a885,user_login,7655942d-098c-472a-a03d-bb2d96e0450d,7655942d-098c-472a-a03d-bb2d96e0450d,employee,login,"{""role"":""admin""}",103.155.140.67,"Mozilla/5.0 (Windows NT 10.0; Win64; x64) AppleWebKit/537.36 (KHTML, like Gecko) Chrome/146.0.0.0 Safari/537.36",2026-03-20 17:26:24.532621
b2db92f1-a719-4f56-b430-59c7883c5279,abnormality_detected,0538b32c-c891-41bd-a82e-b150f09fc50e,de163820-d6fb-4d46-9f9e-81325aa9b6cc,abnormality,upsert_abnormality,"{""type"":""long_idle"",""severity"":""CRITICAL"",""confidence"":1,""session_id"":""d74eb73f-0f9c-4540-bb0d-e58656d4a31c""}",,,2026-03-20 07:14:06.95314
b2dc2a19-3bf0-4905-8fa4-fac4444e6d5c,abnormality_detected,0538b32c-c891-41bd-a82e-b150f09fc50e,de163820-d6fb-4d46-9f9e-81325aa9b6cc,abnormality,upsert_abnormality,"{""type"":""clock_in_clock_out"",""severity"":""CRITICAL"",""confidence"":0.9345,""session_id"":""d74eb73f-0f9c-4540-bb0d-e58656d4a31c""}",,,2026-03-20 07:08:59.91531
b2fa3311-e929-49b9-852a-dcf4cd950168,user_login,0538b32c-c891-41bd-a82e-b150f09fc50e,0538b32c-c891-41bd-a82e-b150f09fc50e,employee,login,"{""role"":""employee""}",103.155.140.67,"Mozilla/5.0 (Windows NT 10.0; Win64; x64) AppleWebKit/537.36 (KHTML, like Gecko) Chrome/146.0.0.0 Safari/537.36",2026-03-21 07:27:34.308027
b34b10df-9c0f-4586-b2e0-e5a009850342,session_started,0538b32c-c891-41bd-a82e-b150f09fc50e,d74eb73f-0f9c-4540-bb0d-e58656d4a31c,session,start_session,"{""start_time"":""2026-03-20T05:00:26.198431""}",,,2026-03-20 05:00:27.24746
b387b156-aff0-45a3-ba38-a5d071dfcb05,user_login,078b8628-dcb3-4bbf-9a64-ce01557013a5,078b8628-dcb3-4bbf-9a64-ce01557013a5,employee,login,"{""role"":""admin""}",152.58.122.57,"Mozilla/5.0 (Windows NT 10.0; Win64; x64) AppleWebKit/537.36 (KHTML, like Gecko) Chrome/147.0.0.0 Safari/537.36",2026-04-18 04:04:20.280461
b3e679ee-a9a3-49ca-9647-7b7f43f5c5be,abnormality_detected,0538b32c-c891-41bd-a82e-b150f09fc50e,fa599360-c58c-4463-85bd-9b36c302570b,abnormality,upsert_abnormality,"{""type"":""long_idle"",""severity"":""CRITICAL"",""confidence"":0.7542,""session_id"":""6df05c83-b8f6-43a3-8660-7856124405f0""}",,,2026-04-14 17:49:49.131257
b3eb5e9c-9ebf-47e2-ac87-1cb01cfb09db,abnormality_detected,1950dcfc-8839-4c50-ab2a-11a6f6c018ff,c30846fe-5256-442d-8d06-a72150f32ab1,abnormality,upsert_abnormality,"{""type"":""long_idle"",""severity"":""CRITICAL"",""confidence"":1,""session_id"":""f5783da6-6e4e-407e-9650-60847a360f63""}",,,2026-04-15 14:46:05.544503
b4d8999c-78b4-4235-bca2-b3ad2dab3c8c,password_changed,1950dcfc-8839-4c50-ab2a-11a6f6c018ff,1950dcfc-8839-4c50-ab2a-11a6f6c018ff,employee,change_password,{},127.0.0.1,,2026-04-16 07:26:55.790058
b50da8a6-5c97-4f68-a188-b9c6c3b3c73a,abnormality_detected,0538b32c-c891-41bd-a82e-b150f09fc50e,de163820-d6fb-4d46-9f9e-81325aa9b6cc,abnormality,upsert_abnormality,"{""type"":""minimal_activity"",""severity"":""CRITICAL"",""confidence"":0.9869,""session_id"":""d74eb73f-0f9c-4540-bb0d-e58656d4a31c""}",,,2026-03-20 09:59:13.117534
b5321782-11c4-458c-9153-3fc034c93968,abnormality_detected,60981727-cff3-4f24-865f-0917898bb71e,2d5868a1-ff4c-4528-8665-efa6d531adeb,abnormality,upsert_abnormality,"{""type"":""long_idle"",""severity"":""CRITICAL"",""confidence"":1,""session_id"":""012483d2-16b2-42cc-92a2-4a0841f37a1f""}",,,2026-04-14 17:31:50.615366
b55eabaf-c092-4554-9432-4d48c2f94d26,abnormality_detected,0538b32c-c891-41bd-a82e-b150f09fc50e,de163820-d6fb-4d46-9f9e-81325aa9b6cc,abnormality,upsert_abnormality,"{""type"":""long_idle"",""severity"":""CRITICAL"",""confidence"":1,""session_id"":""d74eb73f-0f9c-4540-bb0d-e58656d4a31c""}",,,2026-03-20 09:48:56.521877
b58519ef-65de-4058-bdc5-42ae05846665,abnormality_detected,a1000000-0000-0000-0000-000000000001,4375674f-5ca0-4b26-a9ad-93b692b82519,abnormality,upsert_abnormality,"{""type"":""burst_then_idle"",""severity"":""CRITICAL"",""confidence"":0.745,""session_id"":""4b51c55d-bb0a-48b0-883a-1c927c283ce3""}",,,2026-03-18 16:56:43.988471
b5cdd792-63ef-4d83-aba2-aa8bb1779711,abnormality_detected,7655942d-098c-472a-a03d-bb2d96e0450d,1e2721ef-a5e2-4bfb-ab2f-d3d6b1b34ab1,abnormality,create_abnormality,"{""type"":""long_idle"",""severity"":""CRITICAL"",""confidence"":1,""session_id"":""ab585872-f305-441e-a0e4-1f10227bdf7a""}",,,2026-04-18 04:29:22.694004
b5e040d2-52ac-4e9d-82b2-0d6bb71fb404,abnormality_detected,1950dcfc-8839-4c50-ab2a-11a6f6c018ff,c30846fe-5256-442d-8d06-a72150f32ab1,abnormality,upsert_abnormality,"{""type"":""suspicious_paste"",""severity"":""CRITICAL"",""confidence"":0.99,""session_id"":""f5783da6-6e4e-407e-9650-60847a360f63""}",,,2026-04-15 14:08:19.406491
b5edf2c7-9fee-41f7-85b0-24c5f881cfda,abnormality_detected,0538b32c-c891-41bd-a82e-b150f09fc50e,de163820-d6fb-4d46-9f9e-81325aa9b6cc,abnormality,upsert_abnormality,"{""type"":""long_idle"",""severity"":""CRITICAL"",""confidence"":1,""session_id"":""d74eb73f-0f9c-4540-bb0d-e58656d4a31c""}",,,2026-03-20 10:04:25.823777
b617f9b6-29ba-4001-9ddc-f56e29eeddce,abnormality_detected,1950dcfc-8839-4c50-ab2a-11a6f6c018ff,c30846fe-5256-442d-8d06-a72150f32ab1,abnormality,upsert_abnormality,"{""type"":""long_idle"",""severity"":""CRITICAL"",""confidence"":1,""session_id"":""f5783da6-6e4e-407e-9650-60847a360f63""}",,,2026-04-15 14:30:53.059013
b63c1f12-6baf-4d60-ad65-168b42004220,abnormality_detected,60981727-cff3-4f24-865f-0917898bb71e,3fbe5620-dba5-4d8f-92ca-7d9470d4102c,abnormality,upsert_abnormality,"{""type"":""burst_then_idle"",""severity"":""LOW"",""confidence"":0.7319,""session_id"":""575636eb-ee41-4a36-ba81-07f00c9394d1""}",,,2026-03-21 10:24:51.584605
b67ad339-ab36-47bf-b042-3ced1466382e,user_login,60981727-cff3-4f24-865f-0917898bb71e,60981727-cff3-4f24-865f-0917898bb71e,employee,login,"{""role"":""employee""}",15.204.105.208,python-httpx/0.25.2,2026-03-20 04:36:12.03292
b68341d0-9fea-4df1-ba4a-6e07653f931e,user_login,078b8628-dcb3-4bbf-9a64-ce01557013a5,078b8628-dcb3-4bbf-9a64-ce01557013a5,employee,login,"{""role"":""admin""}",152.58.119.108,"Mozilla/5.0 (Windows NT 10.0; Win64; x64) AppleWebKit/537.36 (KHTML, like Gecko) Chrome/147.0.0.0 Safari/537.36",2026-04-18 04:27:33.623948
b6bb6b44-e341-4e42-949f-0c289da25f89,abnormality_detected,0538b32c-c891-41bd-a82e-b150f09fc50e,de163820-d6fb-4d46-9f9e-81325aa9b6cc,abnormality,upsert_abnormality,"{""type"":""long_idle"",""severity"":""CRITICAL"",""confidence"":1,""session_id"":""d74eb73f-0f9c-4540-bb0d-e58656d4a31c""}",,,2026-03-20 06:32:45.810183
b7bb003a-69e0-4ede-b9d9-3398e692b0bf,user_login,a1000000-0000-0000-0000-000000000001,a1000000-0000-0000-0000-000000000001,employee,login,"{""role"":""admin""}",43.230.105.214,"Mozilla/5.0 (Windows NT 10.0; Win64; x64) AppleWebKit/537.36 (KHTML, like Gecko) Chrome/147.0.0.0 Safari/537.36",2026-04-13 11:27:53.431839
b7cc6a4e-c6ab-474c-b27f-fe5a68d1f566,abnormality_detected,1950dcfc-8839-4c50-ab2a-11a6f6c018ff,89351406-d13e-4666-9f75-6fe6028d597d,abnormality,upsert_abnormality,"{""type"":""long_idle"",""severity"":""CRITICAL"",""confidence"":0.7085,""session_id"":""d0aca746-b1bf-4c30-a962-eead4b62a015""}",,,2026-04-15 18:43:30.678284
b7dcd625-d134-472b-abea-052598c22324,abnormality_detected,a1000000-0000-0000-0000-000000000001,4375674f-5ca0-4b26-a9ad-93b692b82519,abnormality,upsert_abnormality,"{""type"":""long_idle"",""severity"":""CRITICAL"",""confidence"":0.9677,""session_id"":""4b51c55d-bb0a-48b0-883a-1c927c283ce3""}",,,2026-03-18 16:50:16.405326
b8136607-8127-4d04-a4b2-a22f0d3d572e,abnormality_detected,7655942d-098c-472a-a03d-bb2d96e0450d,4df113a9-b296-471b-9feb-a4120b569ec4,abnormality,upsert_abnormality,"{""type"":""long_idle"",""severity"":""CRITICAL"",""confidence"":1,""session_id"":""e32dd7ee-eb3b-4eed-99ba-658eeef3e1d8""}",,,2026-03-19 08:46:29.508302
b8590369-943b-452c-af9c-4dbb0cefb9cb,abnormality_detected,60981727-cff3-4f24-865f-0917898bb71e,1e1eb5c3-44fc-4aaf-90dd-1e5fb1a9ca2b,abnormality,create_abnormality,"{""type"":""suspicious_paste"",""severity"":""CRITICAL"",""confidence"":0.99,""session_id"":""40e3f459-2ebf-423f-b275-f3e6fc5e93b1""}",,,2026-04-14 11:36:37.386561
b85d7f2e-9641-4828-ae80-9748622d0bbe,abnormality_detected,1950dcfc-8839-4c50-ab2a-11a6f6c018ff,c30846fe-5256-442d-8d06-a72150f32ab1,abnormality,upsert_abnormality,"{""type"":""burst_then_idle"",""severity"":""CRITICAL"",""confidence"":0.7244,""session_id"":""f5783da6-6e4e-407e-9650-60847a360f63""}",,,2026-04-15 14:08:21.48101
b86022c4-6786-411b-aa8a-6ae188e982a5,abnormality_detected,a1000000-0000-0000-0000-000000000001,4375674f-5ca0-4b26-a9ad-93b692b82519,abnormality,upsert_abnormality,"{""type"":""superhuman_speed"",""severity"":""CRITICAL"",""confidence"":1,""session_id"":""4b51c55d-bb0a-48b0-883a-1c927c283ce3""}",,,2026-03-18 16:50:14.448627
b8fcb859-a49d-4e68-b770-86b3c96c5ab4,abnormality_detected,7655942d-098c-472a-a03d-bb2d96e0450d,d4af7707-901c-4975-8e9d-692cc16f9656,abnormality,create_abnormality,"{""type"":""clock_in_clock_out"",""severity"":""HIGH"",""confidence"":0.8967,""session_id"":""638bfa43-93e1-4068-b261-1d247c08b10c""}",,,2026-04-12 16:43:18.033571
b92125d2-4db2-4c88-9f4e-77f2ffc25dd4,abnormality_detected,0538b32c-c891-41bd-a82e-b150f09fc50e,de163820-d6fb-4d46-9f9e-81325aa9b6cc,abnormality,upsert_abnormality,"{""type"":""long_idle"",""severity"":""CRITICAL"",""confidence"":1,""session_id"":""d74eb73f-0f9c-4540-bb0d-e58656d4a31c""}",,,2026-03-20 05:51:31.668608
b94931a1-c360-4b2c-b0a7-124a52db37cf,abnormality_detected,7655942d-098c-472a-a03d-bb2d96e0450d,07f2a2f3-ac91-4a57-8418-6f81883c3214,abnormality,upsert_abnormality,"{""type"":""suspicious_paste"",""severity"":""CRITICAL"",""confidence"":0.99,""session_id"":""558af15d-e36f-4a97-ac39-80dcfd0cd293""}",,,2026-04-18 05:00:03.491208
b9f6db82-4c2a-4e7f-aa3f-b5d3d72879db,abnormality_detected,60981727-cff3-4f24-865f-0917898bb71e,2d5868a1-ff4c-4528-8665-efa6d531adeb,abnormality,upsert_abnormality,"{""type"":""suspicious_paste"",""severity"":""CRITICAL"",""confidence"":0.99,""session_id"":""012483d2-16b2-42cc-92a2-4a0841f37a1f""}",,,2026-04-14 17:36:03.75829
ba580085-bc6f-4c1a-9b9c-5670a23a15e8,user_login,0538b32c-c891-41bd-a82e-b150f09fc50e,0538b32c-c891-41bd-a82e-b150f09fc50e,employee,login,"{""role"":""employee""}",127.0.0.1,python-httpx/0.25.2,2026-04-14 17:36:39.666998
bad55459-231c-49fb-9f24-fb0361ae5a84,user_login,7655942d-098c-472a-a03d-bb2d96e0450d,7655942d-098c-472a-a03d-bb2d96e0450d,employee,login,"{""role"":""admin""}",152.58.123.65,"Mozilla/5.0 (Linux; Android 10; K) AppleWebKit/537.36 (KHTML, like Gecko) Chrome/147.0.0.0 Mobile Safari/537.36",2026-04-18 05:13:15.596164
bb6720dd-0f4f-4d00-879d-913f876dc20a,abnormality_detected,e1000000-0000-0000-0000-000000000001,d8e4f049-19d0-46de-9a53-ef0e10c41f6c,abnormality,upsert_abnormality,"{""type"":""long_idle"",""severity"":""CRITICAL"",""confidence"":1,""session_id"":""59771728-842b-4577-9467-acd80a5b3f27""}",,,2026-03-19 10:56:37.24964
bbcaef5d-013b-4f01-a8e2-e10328a883ba,abnormality_detected,60981727-cff3-4f24-865f-0917898bb71e,2d5868a1-ff4c-4528-8665-efa6d531adeb,abnormality,upsert_abnormality,"{""type"":""keyboard_sitting"",""severity"":""CRITICAL"",""confidence"":0.95,""session_id"":""012483d2-16b2-42cc-92a2-4a0841f37a1f""}",,,2026-04-14 17:36:05.085699
bc1510dd-1b90-459a-859e-1ad8578d38bc,abnormality_detected,e1000000-0000-0000-0000-000000000001,d8e4f049-19d0-46de-9a53-ef0e10c41f6c,abnormality,upsert_abnormality,"{""type"":""suspicious_paste"",""severity"":""CRITICAL"",""confidence"":0.99,""session_id"":""59771728-842b-4577-9467-acd80a5b3f27""}",,,2026-03-19 11:35:07.91346
bca8593e-46b7-4f9c-a801-d6480c752fea,leave_applied,1950dcfc-8839-4c50-ab2a-11a6f6c018ff,bc94b427-1ef5-4769-9743-d6b29aa2adbd,leave,apply_leave,"{""days"":1,""from"":""2026-04-17"",""leave_type"":""SL""}",,,2026-04-16 08:31:58.526962
bce3c823-d215-42f3-8db2-66e8340ae2a8,abnormality_detected,7655942d-098c-472a-a03d-bb2d96e0450d,f068856c-028c-4ecb-b709-3dfd6f1ae906,abnormality,create_abnormality,"{""type"":""rapid_paste"",""severity"":""HIGH"",""confidence"":0.8,""session_id"":""de0138bc-594b-446f-bece-64131313ad77""}",,,2026-04-14 12:09:46.333494
bd1c271b-d49d-417f-b357-20d717e86838,abnormality_detected,7655942d-098c-472a-a03d-bb2d96e0450d,b9910b71-d48d-476c-b119-5285eaa7eaeb,abnormality,upsert_abnormality,"{""type"":""suspicious_paste"",""severity"":""CRITICAL"",""confidence"":0.99,""session_id"":""6e67c504-60af-452d-accd-8f1809395426""}",,,2026-03-19 15:35:25.993371
bd2be3ea-03c6-47c6-989d-6588bc1c4143,abnormality_detected,1950dcfc-8839-4c50-ab2a-11a6f6c018ff,c30846fe-5256-442d-8d06-a72150f32ab1,abnormality,upsert_abnormality,"{""type"":""long_idle"",""severity"":""CRITICAL"",""confidence"":1,""session_id"":""f5783da6-6e4e-407e-9650-60847a360f63""}",,,2026-04-15 14:35:56.21453
bd564fc7-7a18-4eb9-9c03-8692a0971307,abnormality_detected,a1000000-0000-0000-0000-000000000001,4375674f-5ca0-4b26-a9ad-93b692b82519,abnormality,upsert_abnormality,"{""type"":""superhuman_speed"",""severity"":""CRITICAL"",""confidence"":1,""session_id"":""4b51c55d-bb0a-48b0-883a-1c927c283ce3""}",,,2026-03-18 16:56:35.211593
bd89afa8-4a07-402b-a6c9-81c6a5591dbe,abnormality_detected,0538b32c-c891-41bd-a82e-b150f09fc50e,de163820-d6fb-4d46-9f9e-81325aa9b6cc,abnormality,upsert_abnormality,"{""type"":""long_idle"",""severity"":""CRITICAL"",""confidence"":1,""session_id"":""d74eb73f-0f9c-4540-bb0d-e58656d4a31c""}",,,2026-03-20 09:59:16.106977
bda13233-e8c4-449d-b07f-4f0c0fcb4301,abnormality_detected,e1000000-0000-0000-0000-000000000001,d8e4f049-19d0-46de-9a53-ef0e10c41f6c,abnormality,upsert_abnormality,"{""type"":""minimal_activity"",""severity"":""CRITICAL"",""confidence"":1,""session_id"":""59771728-842b-4577-9467-acd80a5b3f27""}",,,2026-03-19 11:24:41.245615
bdae88b7-f77c-4ffe-9a10-9173eca82f6c,abnormality_detected,e1000000-0000-0000-0000-000000000001,d8e4f049-19d0-46de-9a53-ef0e10c41f6c,abnormality,upsert_abnormality,"{""type"":""burst_then_idle"",""severity"":""CRITICAL"",""confidence"":0.7117,""session_id"":""59771728-842b-4577-9467-acd80a5b3f27""}",,,2026-03-19 11:40:24.9551
bdd10552-d5c8-494b-85b5-aa6f29199059,session_ended,7655942d-098c-472a-a03d-bb2d96e0450d,558af15d-e36f-4a97-ac39-80dcfd0cd293,session,end_session,"{""status"":""incomplete"",""lunch_taken"":false,""work_minutes"":5,""break_minutes"":0}",,,2026-04-18 05:00:11.595482
bdfcc3ad-847f-4944-bffd-23ee35fe4b4c,abnormality_detected,1950dcfc-8839-4c50-ab2a-11a6f6c018ff,c30846fe-5256-442d-8d06-a72150f32ab1,abnormality,upsert_abnormality,"{""type"":""long_idle"",""severity"":""CRITICAL"",""confidence"":1,""session_id"":""f5783da6-6e4e-407e-9650-60847a360f63""}",,,2026-04-14 18:04:16.616533
be09c858-ffb3-4cae-bd95-7af7d5defc32,user_login,1950dcfc-8839-4c50-ab2a-11a6f6c018ff,1950dcfc-8839-4c50-ab2a-11a6f6c018ff,employee,login,"{""role"":""employee""}",127.0.0.1,python-httpx/0.28.1,2026-04-15 17:35:02.357049
be19382d-4060-4dbd-8585-cf6c546bebf3,user_login,50289596-773e-4a9c-8f95-d20c29c8b000,50289596-773e-4a9c-8f95-d20c29c8b000,employee,login,"{""role"":""employee""}",157.49.126.25,python-httpx/0.28.1,2026-04-16 12:32:24.368934
be485d4f-535c-43fa-b170-c32d5026c44c,abnormality_detected,0538b32c-c891-41bd-a82e-b150f09fc50e,de163820-d6fb-4d46-9f9e-81325aa9b6cc,abnormality,upsert_abnormality,"{""type"":""clock_in_clock_out"",""severity"":""CRITICAL"",""confidence"":0.9345,""session_id"":""d74eb73f-0f9c-4540-bb0d-e58656d4a31c""}",,,2026-03-20 09:33:29.605401
be654ab0-b259-4cf1-a48c-4ff366d61061,user_login,7655942d-098c-472a-a03d-bb2d96e0450d,7655942d-098c-472a-a03d-bb2d96e0450d,employee,login,"{""role"":""admin""}",152.58.119.108,python-httpx/0.28.1,2026-04-18 04:27:12.023806
be6e981b-28ec-480b-95b7-d6efb9316093,abnormality_detected,0538b32c-c891-41bd-a82e-b150f09fc50e,de163820-d6fb-4d46-9f9e-81325aa9b6cc,abnormality,upsert_abnormality,"{""type"":""minimal_activity"",""severity"":""CRITICAL"",""confidence"":0.9869,""session_id"":""d74eb73f-0f9c-4540-bb0d-e58656d4a31c""}",,,2026-03-20 06:48:10.51421
be932d85-323c-4e24-8331-436383802394,session_started,7655942d-098c-472a-a03d-bb2d96e0450d,ab585872-f305-441e-a0e4-1f10227bdf7a,session,start_session,"{""start_time"":""2026-04-18T04:28:32.767729""}",,,2026-04-18 04:28:33.60106
bedb2e5f-b9d1-4fd5-a16a-1ee3165c041e,abnormality_detected,1950dcfc-8839-4c50-ab2a-11a6f6c018ff,c30846fe-5256-442d-8d06-a72150f32ab1,abnormality,upsert_abnormality,"{""type"":""rapid_paste"",""severity"":""CRITICAL"",""confidence"":0.8,""session_id"":""f5783da6-6e4e-407e-9650-60847a360f63""}",,,2026-04-14 18:05:57.317404
bef9e015-2bcb-442a-b4d9-5c6df0afbd53,user_login,7655942d-098c-472a-a03d-bb2d96e0450d,7655942d-098c-472a-a03d-bb2d96e0450d,employee,login,"{""role"":""admin""}",127.0.0.1,"Mozilla/5.0 (Windows NT 10.0; Win64; x64) AppleWebKit/537.36 (KHTML, like Gecko) Chrome/147.0.0.0 Safari/537.36",2026-05-07 17:22:49.706031
bf797fd4-ba50-4fb3-8836-a41d73a5b5a9,abnormality_detected,0538b32c-c891-41bd-a82e-b150f09fc50e,de163820-d6fb-4d46-9f9e-81325aa9b6cc,abnormality,upsert_abnormality,"{""type"":""clock_in_clock_out"",""severity"":""CRITICAL"",""confidence"":0.9345,""session_id"":""d74eb73f-0f9c-4540-bb0d-e58656d4a31c""}",,,2026-03-20 07:03:50.699654
bf88c838-d5fd-48a4-b826-eaffd18e8095,abnormality_detected,1950dcfc-8839-4c50-ab2a-11a6f6c018ff,c30846fe-5256-442d-8d06-a72150f32ab1,abnormality,upsert_abnormality,"{""type"":""burst_then_idle"",""severity"":""CRITICAL"",""confidence"":0.7244,""session_id"":""f5783da6-6e4e-407e-9650-60847a360f63""}",,,2026-04-15 14:47:00.062249
bf9ac772-8a2a-41b3-93c9-bf378e8bffab,abnormality_detected,0538b32c-c891-41bd-a82e-b150f09fc50e,de163820-d6fb-4d46-9f9e-81325aa9b6cc,abnormality,upsert_abnormality,"{""type"":""clock_in_clock_out"",""severity"":""CRITICAL"",""confidence"":0.9345,""session_id"":""d74eb73f-0f9c-4540-bb0d-e58656d4a31c""}",,,2026-03-20 06:53:25.936301
bfb82d7d-31a5-4455-8d84-8c2fdc977a7c,session_started,078b8628-dcb3-4bbf-9a64-ce01557013a5,1947cb4f-414c-4b94-8bf8-b7de9cf2ebf2,session,start_session,"{""start_time"":""2026-04-17T05:43:25.063164""}",,,2026-04-17 05:43:25.867619
c0a64f07-3800-494a-8124-171b73f1fc7d,abnormality_detected,7655942d-098c-472a-a03d-bb2d96e0450d,624836e4-84fa-4d40-8c30-74eaea058398,abnormality,create_abnormality,"{""type"":""rapid_paste"",""severity"":""HIGH"",""confidence"":0.8,""session_id"":""409dca42-87b1-4b74-ab01-cfdb09196b21""}",,,2026-04-17 10:35:02.083705
c10168b8-099c-41ef-ad98-11e30cde154b,abnormality_detected,0538b32c-c891-41bd-a82e-b150f09fc50e,de163820-d6fb-4d46-9f9e-81325aa9b6cc,abnormality,upsert_abnormality,"{""type"":""minimal_activity"",""severity"":""CRITICAL"",""confidence"":0.9869,""session_id"":""d74eb73f-0f9c-4540-bb0d-e58656d4a31c""}",,,2026-03-20 07:55:13.532647
c10f16c4-5491-4131-92c3-5cbe9e5e4083,abnormality_detected,7655942d-098c-472a-a03d-bb2d96e0450d,6ab0b703-1d29-4bb2-9f85-f4c306e60b3a,abnormality,upsert_abnormality,"{""type"":""keyboard_sitting"",""severity"":""CRITICAL"",""confidence"":1,""session_id"":""338522c7-0c75-4080-924d-45c242236239""}",,,2026-04-14 11:30:22.677182
c15286b1-3035-42f2-b034-36cd400bbf55,session_ended,7655942d-098c-472a-a03d-bb2d96e0450d,4ec792a0-5def-4a45-9b48-36c1af01be31,session,end_session,"{""status"":""incomplete"",""lunch_taken"":false,""work_minutes"":10,""break_minutes"":0}",,,2026-04-16 13:05:05.339177
c1645443-3b91-4a51-b156-6325527cbbf6,leave_reviewed,7655942d-098c-472a-a03d-bb2d96e0450d,0538b32c-c891-41bd-a82e-b150f09fc50e,leave,leave_approved,"{""decision"":""approved"",""leave_id"":""1c180f51-3403-4143-9126-6c6698782631"",""leave_type"":""EL""}",,,2026-03-21 10:00:53.281849
c21611e9-15bd-4070-bbd1-f17a5bff0df9,abnormality_detected,0538b32c-c891-41bd-a82e-b150f09fc50e,de163820-d6fb-4d46-9f9e-81325aa9b6cc,abnormality,upsert_abnormality,"{""type"":""minimal_activity"",""severity"":""CRITICAL"",""confidence"":0.9869,""session_id"":""d74eb73f-0f9c-4540-bb0d-e58656d4a31c""}",,,2026-03-20 09:48:53.536936
c26ec95e-15ab-4c2a-b61d-3ee9aac164e9,abnormality_detected,7655942d-098c-472a-a03d-bb2d96e0450d,1e2721ef-a5e2-4bfb-ab2f-d3d6b1b34ab1,abnormality,upsert_abnormality,"{""type"":""clock_in_clock_out"",""severity"":""CRITICAL"",""confidence"":1,""session_id"":""ab585872-f305-441e-a0e4-1f10227bdf7a""}",,,2026-04-18 04:29:26.99331
c3e2c2f4-22b5-471e-b4bd-e7ea050dad48,abnormality_detected,0538b32c-c891-41bd-a82e-b150f09fc50e,de163820-d6fb-4d46-9f9e-81325aa9b6cc,abnormality,upsert_abnormality,"{""type"":""minimal_activity"",""severity"":""CRITICAL"",""confidence"":0.9869,""session_id"":""d74eb73f-0f9c-4540-bb0d-e58656d4a31c""}",,,2026-03-20 06:37:52.233003
c429561c-b555-488c-88ec-c82fd1c7f4f2,abnormality_detected,a1000000-0000-0000-0000-000000000001,4375674f-5ca0-4b26-a9ad-93b692b82519,abnormality,upsert_abnormality,"{""type"":""suspicious_paste"",""severity"":""CRITICAL"",""confidence"":0.99,""session_id"":""4b51c55d-bb0a-48b0-883a-1c927c283ce3""}",,,2026-03-18 16:50:12.132449
c42de75b-59d1-4800-85e5-39ea202a7be1,abnormality_detected,e1000000-0000-0000-0000-000000000001,d8e4f049-19d0-46de-9a53-ef0e10c41f6c,abnormality,upsert_abnormality,"{""type"":""long_idle"",""severity"":""CRITICAL"",""confidence"":1,""session_id"":""59771728-842b-4577-9467-acd80a5b3f27""}",,,2026-03-19 10:30:45.818783
c576c862-aee1-49b2-adaa-23e8fa9d8d02,login_failed,,0538b32c-c891-41bd-a82e-b150f09fc50e,employee,login_attempt_failed,"{""email"":""parikshit.rana@sentinel.com""}",103.110.21.62,,2026-05-07 17:18:04.485118
c5eb8d32-80b6-4b97-af3a-16e31b22723e,session_ended,1950dcfc-8839-4c50-ab2a-11a6f6c018ff,f5783da6-6e4e-407e-9650-60847a360f63,session,end_session,"{""status"":""incomplete"",""lunch_taken"":true,""work_minutes"":119,""break_minutes"":0}",,,2026-04-15 14:47:01.923685
c5f07d1e-eee9-445b-a5cb-e99ce83684f7,abnormality_detected,1950dcfc-8839-4c50-ab2a-11a6f6c018ff,89351406-d13e-4666-9f75-6fe6028d597d,abnormality,upsert_abnormality,"{""type"":""rapid_paste"",""severity"":""CRITICAL"",""confidence"":0.8,""session_id"":""d0aca746-b1bf-4c30-a962-eead4b62a015""}",,,2026-04-15 17:37:06.992441
c6238a62-212f-4864-865e-9ec20d2fed7f,abnormality_detected,e1000000-0000-0000-0000-000000000001,d8e4f049-19d0-46de-9a53-ef0e10c41f6c,abnormality,upsert_abnormality,"{""type"":""rapid_paste"",""severity"":""CRITICAL"",""confidence"":0.8,""session_id"":""59771728-842b-4577-9467-acd80a5b3f27""}",,,2026-03-19 11:40:21.281476
c6bc2984-676f-4c8e-9d7e-71c8a7c45808,abnormality_detected,7655942d-098c-472a-a03d-bb2d96e0450d,624836e4-84fa-4d40-8c30-74eaea058398,abnormality,upsert_abnormality,"{""type"":""paste_heavy_work"",""severity"":""CRITICAL"",""confidence"":1,""session_id"":""409dca42-87b1-4b74-ab01-cfdb09196b21""}",,,2026-04-17 10:35:05.177297
c6c7b38f-5870-4b62-8cc9-6838df516431,abnormality_detected,60981727-cff3-4f24-865f-0917898bb71e,3fbe5620-dba5-4d8f-92ca-7d9470d4102c,abnormality,upsert_abnormality,"{""type"":""burst_then_idle"",""severity"":""CRITICAL"",""confidence"":0.7319,""session_id"":""575636eb-ee41-4a36-ba81-07f00c9394d1""}",,,2026-03-21 10:29:58.896171
c70b382f-8e93-4c47-8b3c-3c4b8539d969,user_login,a1000000-0000-0000-0000-000000000002,a1000000-0000-0000-0000-000000000002,employee,login,"{""ip"":""192.168.1.11""}",,,2026-03-18 07:35:13.182368
c7428067-6d65-44e7-81c7-a2cafbe6c5bd,abnormality_detected,7655942d-098c-472a-a03d-bb2d96e0450d,6ab0b703-1d29-4bb2-9f85-f4c306e60b3a,abnormality,upsert_abnormality,"{""type"":""long_idle"",""severity"":""CRITICAL"",""confidence"":1,""session_id"":""338522c7-0c75-4080-924d-45c242236239""}",,,2026-04-14 11:30:25.385904
c83b8e09-1920-4180-b9c8-2b884423b9f7,abnormality_detected,1950dcfc-8839-4c50-ab2a-11a6f6c018ff,c30846fe-5256-442d-8d06-a72150f32ab1,abnormality,upsert_abnormality,"{""type"":""rapid_paste"",""severity"":""CRITICAL"",""confidence"":0.8,""session_id"":""f5783da6-6e4e-407e-9650-60847a360f63""}",,,2026-04-14 18:23:29.168845
c841cf73-0718-4726-97b7-633d96f8663d,user_login,a1000000-0000-0000-0000-000000000001,a1000000-0000-0000-0000-000000000001,employee,login,"{""role"":""admin""}",43.230.105.214,"Mozilla/5.0 (Linux; Android 6.0; Nexus 5 Build/MRA58N) AppleWebKit/537.36 (KHTML, like Gecko) Chrome/147.0.0.0 Mobile Safari/537.36",2026-04-14 11:57:25.713502
c84d7d9c-f7c3-4d3b-ae00-5923099c06c7,abnormality_detected,0538b32c-c891-41bd-a82e-b150f09fc50e,de163820-d6fb-4d46-9f9e-81325aa9b6cc,abnormality,upsert_abnormality,"{""type"":""long_idle"",""severity"":""CRITICAL"",""confidence"":1,""session_id"":""d74eb73f-0f9c-4540-bb0d-e58656d4a31c""}",,,2026-03-20 08:46:55.530459
c852c1d1-d4c0-4be8-9c90-eb9aacdb1110,appeal_filed,e1000000-0000-0000-0000-000000000009,e1000000-0000-0000-0000-000000000009,appeal,appeal_submitted,"{""session_id"":""5de913ba-ed6d-5dca-b508-fdc1d6ccf4ca""}",,,2026-03-18 07:35:13.182368
c870dda1-3a55-485f-b194-3900eeb67ae1,user_login,0538b32c-c891-41bd-a82e-b150f09fc50e,0538b32c-c891-41bd-a82e-b150f09fc50e,employee,login,"{""role"":""employee""}",152.58.116.133,python-httpx/0.25.2,2026-03-20 05:00:11.410849
c8b41c1e-4b07-4d8d-a6fa-1a72850d65ee,abnormality_detected,0538b32c-c891-41bd-a82e-b150f09fc50e,fa599360-c58c-4463-85bd-9b36c302570b,abnormality,upsert_abnormality,"{""type"":""rapid_paste"",""severity"":""CRITICAL"",""confidence"":0.8,""session_id"":""6df05c83-b8f6-43a3-8660-7856124405f0""}",,,2026-04-14 17:53:58.049371
cb559b0b-5606-4d81-b71d-bfd937dd716e,abnormality_detected,a1000000-0000-0000-0000-000000000001,9d06c686-b1c6-40dd-a206-5355c4adf0d8,abnormality,upsert_abnormality,"{""type"":""long_idle"",""severity"":""CRITICAL"",""confidence"":0.9169,""session_id"":""2876230b-c7d3-4806-9d66-e1e981584281""}",,,2026-03-19 17:10:16.908178
cc041017-14f8-4a33-8c82-b956dd772c27,abnormality_detected,60981727-cff3-4f24-865f-0917898bb71e,2d5868a1-ff4c-4528-8665-efa6d531adeb,abnormality,upsert_abnormality,"{""type"":""suspicious_paste"",""severity"":""CRITICAL"",""confidence"":0.95,""session_id"":""012483d2-16b2-42cc-92a2-4a0841f37a1f""}",,,2026-04-14 17:18:39.737857
cc9d3fc3-529f-4764-9d1e-f177822da6bc,abnormality_detected,0538b32c-c891-41bd-a82e-b150f09fc50e,de163820-d6fb-4d46-9f9e-81325aa9b6cc,abnormality,upsert_abnormality,"{""type"":""long_idle"",""severity"":""CRITICAL"",""confidence"":1,""session_id"":""d74eb73f-0f9c-4540-bb0d-e58656d4a31c""}",,,2026-03-20 09:23:06.519277
ccae27c7-1e4e-4d5a-9d85-7247ab44ebb9,abnormality_detected,7655942d-098c-472a-a03d-bb2d96e0450d,f068856c-028c-4ecb-b709-3dfd6f1ae906,abnormality,upsert_abnormality,"{""type"":""keyboard_sitting"",""severity"":""CRITICAL"",""confidence"":0.75,""session_id"":""de0138bc-594b-446f-bece-64131313ad77""}",,,2026-04-14 12:11:52.951113
ccdc698e-9579-45a9-a686-e18d09a9428c,abnormality_detected,7655942d-098c-472a-a03d-bb2d96e0450d,6ab0b703-1d29-4bb2-9f85-f4c306e60b3a,abnormality,upsert_abnormality,"{""type"":""suspicious_paste"",""severity"":""CRITICAL"",""confidence"":0.99,""session_id"":""338522c7-0c75-4080-924d-45c242236239""}",,,2026-04-14 11:30:21.36445
cd826c25-05c7-458c-8f51-f7a7620f266b,abnormality_detected,0538b32c-c891-41bd-a82e-b150f09fc50e,de163820-d6fb-4d46-9f9e-81325aa9b6cc,abnormality,upsert_abnormality,"{""type"":""long_idle"",""severity"":""CRITICAL"",""confidence"":1,""session_id"":""d74eb73f-0f9c-4540-bb0d-e58656d4a31c""}",,,2026-03-20 06:01:49.726029
cd9fb21b-c7ab-4f49-aafc-878ec0a6c930,session_ended,7655942d-098c-472a-a03d-bb2d96e0450d,6e67c504-60af-452d-accd-8f1809395426,session,end_session,"{""status"":""incomplete"",""lunch_taken"":false,""work_minutes"":37,""break_minutes"":1}",,,2026-03-19 15:44:04.717017
ce1ca882-9565-48b4-b2b4-09d3a19bedb4,user_login,7655942d-098c-472a-a03d-bb2d96e0450d,7655942d-098c-472a-a03d-bb2d96e0450d,employee,login,"{""role"":""admin""}",103.155.140.67,"Mozilla/5.0 (Windows NT 10.0; Win64; x64) AppleWebKit/537.36 (KHTML, like Gecko) Chrome/146.0.0.0 Safari/537.36",2026-03-21 07:45:22.397929
ce666a1a-4127-4c5c-bed6-a7d6d8c294a3,abnormality_detected,0538b32c-c891-41bd-a82e-b150f09fc50e,de163820-d6fb-4d46-9f9e-81325aa9b6cc,abnormality,upsert_abnormality,"{""type"":""clock_in_clock_out"",""severity"":""CRITICAL"",""confidence"":0.9345,""session_id"":""d74eb73f-0f9c-4540-bb0d-e58656d4a31c""}",,,2026-03-20 08:31:28.736055
ce760522-7576-44c6-9262-906dd597194e,abnormality_detected,7655942d-098c-472a-a03d-bb2d96e0450d,f068856c-028c-4ecb-b709-3dfd6f1ae906,abnormality,upsert_abnormality,"{""type"":""paste_heavy_work"",""severity"":""CRITICAL"",""confidence"":1,""session_id"":""de0138bc-594b-446f-bece-64131313ad77""}",,,2026-04-14 12:19:56.001721
cea62d7b-0887-4828-9d88-339a45438c78,abnormality_detected,0538b32c-c891-41bd-a82e-b150f09fc50e,de163820-d6fb-4d46-9f9e-81325aa9b6cc,abnormality,upsert_abnormality,"{""type"":""clock_in_clock_out"",""severity"":""CRITICAL"",""confidence"":0.9345,""session_id"":""d74eb73f-0f9c-4540-bb0d-e58656d4a31c""}",,,2026-03-20 08:10:48.95695
cead4162-3f7c-45dd-84ec-487bd50f8d74,user_login,7655942d-098c-472a-a03d-bb2d96e0450d,7655942d-098c-472a-a03d-bb2d96e0450d,employee,login,"{""role"":""admin""}",127.0.0.1,"Mozilla/5.0 (Linux; Android 6.0; Nexus 5 Build/MRA58N) AppleWebKit/537.36 (KHTML, like Gecko) Chrome/147.0.0.0 Mobile Safari/537.36",2026-04-16 07:05:01.90563
cef00074-f818-4308-b997-f5f471c6180a,abnormality_detected,1950dcfc-8839-4c50-ab2a-11a6f6c018ff,89351406-d13e-4666-9f75-6fe6028d597d,abnormality,upsert_abnormality,"{""type"":""rapid_paste"",""severity"":""CRITICAL"",""confidence"":0.8,""session_id"":""d0aca746-b1bf-4c30-a962-eead4b62a015""}",,,2026-04-15 18:15:09.976528
cf37b8ed-85ae-496f-b3be-062bc43d3f16,session_ended,60981727-cff3-4f24-865f-0917898bb71e,40e3f459-2ebf-423f-b275-f3e6fc5e93b1,session,end_session,"{""status"":""incomplete"",""lunch_taken"":false,""work_minutes"":15,""break_minutes"":0}",,,2026-04-14 12:06:22.069936
cf5fdbb3-7660-4ffb-ad91-425944ff5553,user_login,7655942d-098c-472a-a03d-bb2d96e0450d,7655942d-098c-472a-a03d-bb2d96e0450d,employee,login,"{""role"":""admin""}",127.0.0.1,python-httpx/0.28.1,2026-05-07 17:24:07.061753
d023df9a-8084-4bfa-ad7f-882cb6cd599f,abnormality_detected,e1000000-0000-0000-0000-000000000001,d8e4f049-19d0-46de-9a53-ef0e10c41f6c,abnormality,upsert_abnormality,"{""type"":""superhuman_speed"",""severity"":""CRITICAL"",""confidence"":1,""session_id"":""59771728-842b-4577-9467-acd80a5b3f27""}",,,2026-03-19 11:24:46.865821
d05283dc-e3b9-444e-888c-7f23799b40e9,abnormality_detected,a1000000-0000-0000-0000-000000000001,4375674f-5ca0-4b26-a9ad-93b692b82519,abnormality,upsert_abnormality,"{""type"":""superhuman_speed"",""severity"":""CRITICAL"",""confidence"":1,""session_id"":""4b51c55d-bb0a-48b0-883a-1c927c283ce3""}",,,2026-03-18 16:29:53.956536
d0889eda-9479-4375-b18d-04e5b710b1a7,abnormality_detected,60981727-cff3-4f24-865f-0917898bb71e,2d5868a1-ff4c-4528-8665-efa6d531adeb,abnormality,upsert_abnormality,"{""type"":""keyboard_sitting"",""severity"":""CRITICAL"",""confidence"":0.95,""session_id"":""012483d2-16b2-42cc-92a2-4a0841f37a1f""}",,,2026-04-14 17:31:47.247944
d0ba3291-8d51-4c53-97e8-dd06d45ba580,abnormality_detected,a1000000-0000-0000-0000-000000000001,4375674f-5ca0-4b26-a9ad-93b692b82519,abnormality,upsert_abnormality,"{""type"":""keyboard_sitting"",""severity"":""CRITICAL"",""confidence"":1,""session_id"":""4b51c55d-bb0a-48b0-883a-1c927c283ce3""}",,,2026-03-18 16:56:41.956524
d0d58faa-6441-48d4-9944-663b80bda483,user_login,7655942d-098c-472a-a03d-bb2d96e0450d,7655942d-098c-472a-a03d-bb2d96e0450d,employee,login,"{""role"":""admin""}",103.155.140.67,"Mozilla/5.0 (Windows NT 10.0; Win64; x64) AppleWebKit/537.36 (KHTML, like Gecko) Chrome/146.0.0.0 Safari/537.36",2026-03-21 09:56:48.574618
d0fdeaa1-f8f3-4310-b604-bfd5ac4398a2,abnormality_detected,e1000000-0000-0000-0000-000000000001,d8e4f049-19d0-46de-9a53-ef0e10c41f6c,abnormality,upsert_abnormality,"{""type"":""rapid_paste"",""severity"":""CRITICAL"",""confidence"":0.8,""session_id"":""59771728-842b-4577-9467-acd80a5b3f27""}",,,2026-03-19 10:51:31.349614
d10905a5-eefe-41d8-9d29-d1de9945122a,abnormality_detected,60981727-cff3-4f24-865f-0917898bb71e,2d5868a1-ff4c-4528-8665-efa6d531adeb,abnormality,upsert_abnormality,"{""type"":""keyboard_sitting"",""severity"":""CRITICAL"",""confidence"":0.95,""session_id"":""012483d2-16b2-42cc-92a2-4a0841f37a1f""}",,,2026-04-14 17:13:36.672167
d14d2b2f-fc37-4f07-925a-11c0842711fa,user_login,a1000000-0000-0000-0000-000000000001,a1000000-0000-0000-0000-000000000001,employee,login,"{""role"":""admin""}",127.0.0.1,"Mozilla/5.0 (Linux; Android 6.0; Nexus 5 Build/MRA58N) AppleWebKit/537.36 (KHTML, like Gecko) Chrome/147.0.0.0 Mobile Safari/537.36",2026-04-14 11:59:28.175
d1559d31-cbef-490c-8aeb-00f05b3ee9a1,abnormality_detected,e1000000-0000-0000-0000-000000000001,d8e4f049-19d0-46de-9a53-ef0e10c41f6c,abnormality,upsert_abnormality,"{""type"":""long_idle"",""severity"":""CRITICAL"",""confidence"":1,""session_id"":""59771728-842b-4577-9467-acd80a5b3f27""}",,,2026-03-19 09:14:20.16147
d16bda57-5760-4967-95db-7bb7f8aa77e9,session_started,e1000000-0000-0000-0000-000000000004,0b8b2599-074a-4aef-9317-24ea1e1e5f2a,session,start_session,"{""start_time"":""2026-03-19T12:18:40.790841""}",,,2026-03-19 12:18:13.981477
d20fda6f-fc2e-467b-9108-14a6b7d131cd,user_login,078b8628-dcb3-4bbf-9a64-ce01557013a5,078b8628-dcb3-4bbf-9a64-ce01557013a5,employee,login,"{""role"":""admin""}",14.195.189.138,python-httpx/0.28.1,2026-04-17 05:43:15.261661
d240dba3-ee8a-4d1f-94b9-266de40aa7d6,user_login,1950dcfc-8839-4c50-ab2a-11a6f6c018ff,1950dcfc-8839-4c50-ab2a-11a6f6c018ff,employee,login,"{""role"":""employee""}",157.49.126.25,"Mozilla/5.0 (Linux; Android 6.0; Nexus 5 Build/MRA58N) AppleWebKit/537.36 (KHTML, like Gecko) Chrome/147.0.0.0 Mobile Safari/537.36",2026-04-16 10:05:29.027962
d31d3d6d-093b-4ffe-8c00-4dfe531c87df,abnormality_detected,1950dcfc-8839-4c50-ab2a-11a6f6c018ff,89351406-d13e-4666-9f75-6fe6028d597d,abnormality,upsert_abnormality,"{""type"":""rapid_paste"",""severity"":""CRITICAL"",""confidence"":0.8,""session_id"":""d0aca746-b1bf-4c30-a962-eead4b62a015""}",,,2026-04-15 18:43:29.122312
d35e7ca4-a58a-41e1-b06c-77cf2caf68e3,abnormality_detected,e1000000-0000-0000-0000-000000000001,d8e4f049-19d0-46de-9a53-ef0e10c41f6c,abnormality,upsert_abnormality,"{""type"":""superhuman_speed"",""severity"":""CRITICAL"",""confidence"":1,""session_id"":""59771728-842b-4577-9467-acd80a5b3f27""}",,,2026-03-19 11:52:08.851062
d3779fef-ea50-4e8a-b7c0-2b90f1176851,abnormality_detected,a1000000-0000-0000-0000-000000000001,4375674f-5ca0-4b26-a9ad-93b692b82519,abnormality,upsert_abnormality,"{""type"":""suspicious_paste"",""severity"":""CRITICAL"",""confidence"":0.99,""session_id"":""4b51c55d-bb0a-48b0-883a-1c927c283ce3""}",,,2026-03-18 16:45:04.931139
d43f0331-0546-4d46-a0c6-6b86ee6987b4,abnormality_detected,e1000000-0000-0000-0000-000000000001,d8e4f049-19d0-46de-9a53-ef0e10c41f6c,abnormality,upsert_abnormality,"{""type"":""long_idle"",""severity"":""CRITICAL"",""confidence"":1,""session_id"":""59771728-842b-4577-9467-acd80a5b3f27""}",,,2026-03-19 11:45:27.208977
d493dcf5-9206-447d-88d2-f6727f341739,abnormality_detected,0538b32c-c891-41bd-a82e-b150f09fc50e,de163820-d6fb-4d46-9f9e-81325aa9b6cc,abnormality,upsert_abnormality,"{""type"":""clock_in_clock_out"",""severity"":""CRITICAL"",""confidence"":0.9345,""session_id"":""d74eb73f-0f9c-4540-bb0d-e58656d4a31c""}",,,2026-03-20 06:43:07.024603
d4dec8e4-2208-447c-8bec-06da8d21811d,abnormality_detected,a1000000-0000-0000-0000-000000000001,4375674f-5ca0-4b26-a9ad-93b692b82519,abnormality,upsert_abnormality,"{""type"":""suspicious_paste"",""severity"":""CRITICAL"",""confidence"":0.99,""session_id"":""4b51c55d-bb0a-48b0-883a-1c927c283ce3""}",,,2026-03-18 16:34:56.612955
d53dc271-8329-4e19-99d0-1788a12b3b5e,abnormality_detected,0538b32c-c891-41bd-a82e-b150f09fc50e,de163820-d6fb-4d46-9f9e-81325aa9b6cc,abnormality,upsert_abnormality,"{""type"":""clock_in_clock_out"",""severity"":""CRITICAL"",""confidence"":0.9345,""session_id"":""d74eb73f-0f9c-4540-bb0d-e58656d4a31c""}",,,2026-03-20 07:24:30.031312
d66a8f0d-ec96-45fc-a874-74e4bd01020a,abnormality_detected,0538b32c-c891-41bd-a82e-b150f09fc50e,de163820-d6fb-4d46-9f9e-81325aa9b6cc,abnormality,upsert_abnormality,"{""type"":""clock_in_clock_out"",""severity"":""CRITICAL"",""confidence"":0.9345,""session_id"":""d74eb73f-0f9c-4540-bb0d-e58656d4a31c""}",,,2026-03-20 08:52:09.025816
d69481b3-512a-41fc-9506-65a6c6140fdf,abnormality_detected,1950dcfc-8839-4c50-ab2a-11a6f6c018ff,c30846fe-5256-442d-8d06-a72150f32ab1,abnormality,create_abnormality,"{""type"":""long_idle"",""severity"":""CRITICAL"",""confidence"":1,""session_id"":""f5783da6-6e4e-407e-9650-60847a360f63""}",,,2026-04-14 18:00:11.780483
d6b4f9e2-85ca-4bfa-9ccb-77b3c8d19db9,abnormality_detected,0538b32c-c891-41bd-a82e-b150f09fc50e,de163820-d6fb-4d46-9f9e-81325aa9b6cc,abnormality,upsert_abnormality,"{""type"":""minimal_activity"",""severity"":""CRITICAL"",""confidence"":0.9869,""session_id"":""d74eb73f-0f9c-4540-bb0d-e58656d4a31c""}",,,2026-03-20 08:05:33.072041
d8135cd1-d7c0-418a-8b32-34198a8e298a,appeal_reviewed,7655942d-098c-472a-a03d-bb2d96e0450d,e1000000-0000-0000-0000-000000000009,appeal,appeal_approved,"{""decision"":""approved"",""appeal_id"":""483c0238-fc1c-407c-93aa-99b091e9c386"",""session_id"":""5de913ba-ed6d-5dca-b508-fdc1d6ccf4ca""}",,,2026-04-15 13:28:19.988471
d8808326-929d-4ab8-af97-f293a9c96b66,user_login,7655942d-098c-472a-a03d-bb2d96e0450d,7655942d-098c-472a-a03d-bb2d96e0450d,employee,login,"{""role"":""employee""}",103.155.141.248,"Mozilla/5.0 (Linux; Android 6.0; Nexus 5 Build/MRA58N) AppleWebKit/537.36 (KHTML, like Gecko) Chrome/147.0.0.0 Mobile Safari/537.36",2026-04-22 17:10:40.163567
d8816905-ee18-47d8-ab24-9ad0dfda8979,session_started,7655942d-098c-472a-a03d-bb2d96e0450d,e32dd7ee-eb3b-4eed-99ba-658eeef3e1d8,session,start_session,"{""start_time"":""2026-03-19T06:39:35.092126""}",,,2026-03-19 06:39:07.188455
d8aa18ca-151a-497e-bff4-0a51e49f72a7,abnormality_detected,0538b32c-c891-41bd-a82e-b150f09fc50e,de163820-d6fb-4d46-9f9e-81325aa9b6cc,abnormality,upsert_abnormality,"{""type"":""minimal_activity"",""severity"":""CRITICAL"",""confidence"":0.9869,""session_id"":""d74eb73f-0f9c-4540-bb0d-e58656d4a31c""}",,,2026-03-20 09:54:03.136158
d8fc9ca3-2f00-4b5b-b68e-945d8db99570,abnormality_detected,a1000000-0000-0000-0000-000000000001,9d06c686-b1c6-40dd-a206-5355c4adf0d8,abnormality,upsert_abnormality,"{""type"":""suspicious_paste"",""severity"":""CRITICAL"",""confidence"":0.99,""session_id"":""2876230b-c7d3-4806-9d66-e1e981584281""}",,,2026-03-19 17:09:31.234959
d934255b-abe5-448e-a8f5-a7e11b26c7ba,user_login,60981727-cff3-4f24-865f-0917898bb71e,60981727-cff3-4f24-865f-0917898bb71e,employee,login,"{""role"":""employee""}",103.155.141.252,"Mozilla/5.0 (Windows NT 10.0; Win64; x64) AppleWebKit/537.36 (KHTML, like Gecko) Chrome/146.0.0.0 Safari/537.36 Edg/146.0.0.0",2026-03-21 15:29:46.894211
d953e0fd-a1c3-4278-97eb-5249096da74a,session_ended,a1000000-0000-0000-0000-000000000001,4b51c55d-bb0a-48b0-883a-1c927c283ce3,session,end_session,"{""status"":""incomplete"",""lunch_taken"":true,""work_minutes"":53,""break_minutes"":23}",,,2026-03-18 16:56:46.13635
d95d651e-c3e5-495b-a7c6-049167a07e99,abnormality_detected,0538b32c-c891-41bd-a82e-b150f09fc50e,de163820-d6fb-4d46-9f9e-81325aa9b6cc,abnormality,upsert_abnormality,"{""type"":""long_idle"",""severity"":""CRITICAL"",""confidence"":1,""session_id"":""d74eb73f-0f9c-4540-bb0d-e58656d4a31c""}",,,2026-03-20 06:22:26.41843
d97e2c65-0838-4e58-9db0-39357885265d,user_login,a1000000-0000-0000-0000-000000000001,a1000000-0000-0000-0000-000000000001,employee,login,"{""role"":""admin""}",127.0.0.1,"Mozilla/5.0 (Windows NT 10.0; Win64; x64) AppleWebKit/537.36 (KHTML, like Gecko) Chrome/147.0.0.0 Safari/537.36",2026-04-16 08:40:49.08786
d9a88d88-e73a-4e80-855c-8ae8bdf5f4c5,abnormality_detected,60981727-cff3-4f24-865f-0917898bb71e,3fbe5620-dba5-4d8f-92ca-7d9470d4102c,abnormality,upsert_abnormality,"{""type"":""long_idle"",""severity"":""CRITICAL"",""confidence"":1,""session_id"":""575636eb-ee41-4a36-ba81-07f00c9394d1""}",,,2026-03-21 10:24:54.321216
d9dd5fff-6413-421f-a16f-574823fd2bd1,abnormality_detected,7655942d-098c-472a-a03d-bb2d96e0450d,07f2a2f3-ac91-4a57-8418-6f81883c3214,abnormality,upsert_abnormality,"{""type"":""suspicious_paste"",""severity"":""CRITICAL"",""confidence"":0.99,""session_id"":""558af15d-e36f-4a97-ac39-80dcfd0cd293""}",,,2026-04-18 05:00:01.402159
da133c5a-b56f-4b7e-a644-45881659b12e,abnormality_detected,e1000000-0000-0000-0000-000000000001,d8e4f049-19d0-46de-9a53-ef0e10c41f6c,abnormality,upsert_abnormality,"{""type"":""minimal_activity"",""severity"":""CRITICAL"",""confidence"":1,""session_id"":""59771728-842b-4577-9467-acd80a5b3f27""}",,,2026-03-19 10:46:18.102214
da4cb8b5-6304-4a7a-96fd-f91d7326fc54,abnormality_detected,0538b32c-c891-41bd-a82e-b150f09fc50e,de163820-d6fb-4d46-9f9e-81325aa9b6cc,abnormality,upsert_abnormality,"{""type"":""long_idle"",""severity"":""CRITICAL"",""confidence"":1,""session_id"":""d74eb73f-0f9c-4540-bb0d-e58656d4a31c""}",,,2026-03-20 08:15:55.750155
da8b2987-270a-4be9-815f-e24d9c9c96a6,user_login,7655942d-098c-472a-a03d-bb2d96e0450d,7655942d-098c-472a-a03d-bb2d96e0450d,employee,login,"{""role"":""admin""}",157.49.126.25,python-httpx/0.28.1,2026-04-16 14:54:57.560783
daf7bb52-a19b-49f6-a363-262cab7f3b54,abnormality_detected,0538b32c-c891-41bd-a82e-b150f09fc50e,de163820-d6fb-4d46-9f9e-81325aa9b6cc,abnormality,upsert_abnormality,"{""type"":""minimal_activity"",""severity"":""CRITICAL"",""confidence"":0.9869,""session_id"":""d74eb73f-0f9c-4540-bb0d-e58656d4a31c""}",,,2026-03-20 09:23:03.427999
dced6fdb-8cc8-442a-93f6-1d533399c832,user_login,7655942d-098c-472a-a03d-bb2d96e0450d,7655942d-098c-472a-a03d-bb2d96e0450d,employee,login,"{""role"":""admin""}",103.155.140.67,"Mozilla/5.0 (Windows NT 10.0; Win64; x64) AppleWebKit/537.36 (KHTML, like Gecko) Chrome/146.0.0.0 Safari/537.36",2026-03-21 09:21:33.79016
dd8aab28-973c-4bef-8c37-3f13c48b326f,user_login,7655942d-098c-472a-a03d-bb2d96e0450d,7655942d-098c-472a-a03d-bb2d96e0450d,employee,login,"{""role"":""admin""}",103.155.140.67,python-httpx/0.25.2,2026-03-19 15:04:33.277345
dd8b279f-b330-4312-801e-68a98137896b,abnormality_detected,e1000000-0000-0000-0000-000000000001,d8e4f049-19d0-46de-9a53-ef0e10c41f6c,abnormality,upsert_abnormality,"{""type"":""minimal_activity"",""severity"":""CRITICAL"",""confidence"":1,""session_id"":""59771728-842b-4577-9467-acd80a5b3f27""}",,,2026-03-19 09:19:25.828103
dd985a63-0d57-4e6c-97ab-20ba9309cb9d,abnormality_detected,e1000000-0000-0000-0000-000000000001,d8e4f049-19d0-46de-9a53-ef0e10c41f6c,abnormality,upsert_abnormality,"{""type"":""superhuman_speed"",""severity"":""CRITICAL"",""confidence"":1,""session_id"":""59771728-842b-4577-9467-acd80a5b3f27""}",,,2026-03-19 10:51:33.1844
e076f06c-fa6c-409c-a0ad-5a4cdb65e748,abnormality_detected,60981727-cff3-4f24-865f-0917898bb71e,2d5868a1-ff4c-4528-8665-efa6d531adeb,abnormality,upsert_abnormality,"{""type"":""rapid_paste"",""severity"":""CRITICAL"",""confidence"":0.8,""session_id"":""012483d2-16b2-42cc-92a2-4a0841f37a1f""}",,,2026-04-14 17:31:48.645711
e122ce00-c10e-4b04-931b-9852f2c3ac86,session_started,a1000000-0000-0000-0000-000000000001,2876230b-c7d3-4806-9d66-e1e981584281,session,start_session,"{""start_time"":""2026-03-19T16:58:06.393036""}",,,2026-03-19 16:58:07.421655
e18f278b-d726-48bd-9001-f9e264325f81,abnormality_detected,0538b32c-c891-41bd-a82e-b150f09fc50e,de163820-d6fb-4d46-9f9e-81325aa9b6cc,abnormality,upsert_abnormality,"{""type"":""minimal_activity"",""severity"":""CRITICAL"",""confidence"":0.9869,""session_id"":""d74eb73f-0f9c-4540-bb0d-e58656d4a31c""}",,,2026-03-20 08:21:02.926886
e2c64d41-7333-4f81-ae51-5b56af0df7d3,abnormality_detected,7655942d-098c-472a-a03d-bb2d96e0450d,4df113a9-b296-471b-9feb-a4120b569ec4,abnormality,upsert_abnormality,"{""type"":""long_idle"",""severity"":""CRITICAL"",""confidence"":1,""session_id"":""e32dd7ee-eb3b-4eed-99ba-658eeef3e1d8""}",,,2026-03-19 06:49:05.56884
e3a69004-446a-4377-9733-2c876ceeaa7f,abnormality_detected,0538b32c-c891-41bd-a82e-b150f09fc50e,de163820-d6fb-4d46-9f9e-81325aa9b6cc,abnormality,upsert_abnormality,"{""type"":""minimal_activity"",""severity"":""CRITICAL"",""confidence"":0.9869,""session_id"":""d74eb73f-0f9c-4540-bb0d-e58656d4a31c""}",,,2026-03-20 09:33:23.705146
e3de98a3-e29c-42c8-9c3d-81df4474d68f,abnormality_detected,0538b32c-c891-41bd-a82e-b150f09fc50e,de163820-d6fb-4d46-9f9e-81325aa9b6cc,abnormality,upsert_abnormality,"{""type"":""clock_in_clock_out"",""severity"":""CRITICAL"",""confidence"":0.9345,""session_id"":""d74eb73f-0f9c-4540-bb0d-e58656d4a31c""}",,,2026-03-20 05:41:16.114443
e3fbbe21-c10d-4e63-bd7c-7868d0d3f587,abnormality_detected,a1000000-0000-0000-0000-000000000001,9d06c686-b1c6-40dd-a206-5355c4adf0d8,abnormality,upsert_abnormality,"{""type"":""suspicious_paste"",""severity"":""CRITICAL"",""confidence"":0.95,""session_id"":""2876230b-c7d3-4806-9d66-e1e981584281""}",,,2026-03-19 17:07:58.92642
e40b4816-9c94-4e89-bf46-44a73a928e13,abnormality_detected,e1000000-0000-0000-0000-000000000001,d8e4f049-19d0-46de-9a53-ef0e10c41f6c,abnormality,upsert_abnormality,"{""type"":""burst_then_idle"",""severity"":""CRITICAL"",""confidence"":0.7117,""session_id"":""59771728-842b-4577-9467-acd80a5b3f27""}",,,2026-03-19 11:52:10.366663
e43b2885-61ce-44ee-acd1-d6579d8c7d64,abnormality_detected,0538b32c-c891-41bd-a82e-b150f09fc50e,fa599360-c58c-4463-85bd-9b36c302570b,abnormality,upsert_abnormality,"{""type"":""rapid_paste"",""severity"":""CRITICAL"",""confidence"":0.8,""session_id"":""6df05c83-b8f6-43a3-8660-7856124405f0""}",,,2026-04-14 17:54:30.684426
e45cc50d-788a-4459-a445-f1110000c541,abnormality_detected,e1000000-0000-0000-0000-000000000001,d8e4f049-19d0-46de-9a53-ef0e10c41f6c,abnormality,upsert_abnormality,"{""type"":""minimal_activity"",""severity"":""CRITICAL"",""confidence"":1,""session_id"":""59771728-842b-4577-9467-acd80a5b3f27""}",,,2026-03-19 09:14:22.013549
e513d07b-3db7-4800-b1d2-e4efd951858d,abnormality_detected,e1000000-0000-0000-0000-000000000001,d8e4f049-19d0-46de-9a53-ef0e10c41f6c,abnormality,upsert_abnormality,"{""type"":""long_idle"",""severity"":""CRITICAL"",""confidence"":1,""session_id"":""59771728-842b-4577-9467-acd80a5b3f27""}",,,2026-03-19 10:51:25.817026
e5c0c19c-3420-4e00-8ade-aec5ccd11bf4,session_started,4a36882d-ad49-4571-8888-d6ef62081904,3d0d9639-8308-4b66-a93a-4140731823cf,session,start_session,"{""start_time"":""2026-04-13T12:06:24.903314""}",,,2026-04-13 12:05:51.107015
e5cabb2d-b656-4039-8a67-d019009f6f2f,abnormality_detected,a1000000-0000-0000-0000-000000000001,9d06c686-b1c6-40dd-a206-5355c4adf0d8,abnormality,create_abnormality,"{""type"":""long_idle"",""severity"":""HIGH"",""confidence"":0.9169,""session_id"":""2876230b-c7d3-4806-9d66-e1e981584281""}",,,2026-03-19 17:03:01.712482
e62043c0-c0a9-4dfd-8756-d362e7bec75b,abnormality_detected,7655942d-098c-472a-a03d-bb2d96e0450d,4df113a9-b296-471b-9feb-a4120b569ec4,abnormality,upsert_abnormality,"{""type"":""suspicious_paste"",""severity"":""CRITICAL"",""confidence"":0.99,""session_id"":""e32dd7ee-eb3b-4eed-99ba-658eeef3e1d8""}",,,2026-03-19 07:09:16.506473
e62e9c11-ce30-45ff-8868-43f66c5d3d9d,user_login,e1000000-0000-0000-0000-000000000004,e1000000-0000-0000-0000-000000000004,employee,login,"{""role"":""employee""}",127.0.0.1,python-httpx/0.25.2,2026-03-19 12:18:09.293644
e64f4d70-fe21-4d29-983f-bc13437c4bdf,abnormality_detected,e1000000-0000-0000-0000-000000000001,d8e4f049-19d0-46de-9a53-ef0e10c41f6c,abnormality,upsert_abnormality,"{""type"":""rapid_paste"",""severity"":""CRITICAL"",""confidence"":0.8,""session_id"":""59771728-842b-4577-9467-acd80a5b3f27""}",,,2026-03-19 11:24:44.909386
e6987d77-6ac2-48cc-a03c-9d4a49cb9f93,abnormality_detected,7655942d-098c-472a-a03d-bb2d96e0450d,d4af7707-901c-4975-8e9d-692cc16f9656,abnormality,upsert_abnormality,"{""type"":""long_idle"",""severity"":""CRITICAL"",""confidence"":1,""session_id"":""638bfa43-93e1-4068-b261-1d247c08b10c""}",,,2026-04-12 17:32:48.57547
e74e93a6-66d6-4026-addb-20bd1c2c41e7,abnormality_detected,0538b32c-c891-41bd-a82e-b150f09fc50e,fa599360-c58c-4463-85bd-9b36c302570b,abnormality,upsert_abnormality,"{""type"":""long_idle"",""severity"":""CRITICAL"",""confidence"":1,""session_id"":""6df05c83-b8f6-43a3-8660-7856124405f0""}",,,2026-04-14 17:53:59.59732
e76258b0-b833-4d63-8f43-d90110b71e4c,abnormality_detected,e1000000-0000-0000-0000-000000000001,d8e4f049-19d0-46de-9a53-ef0e10c41f6c,abnormality,upsert_abnormality,"{""type"":""burst_then_idle"",""severity"":""CRITICAL"",""confidence"":0.7117,""session_id"":""59771728-842b-4577-9467-acd80a5b3f27""}",,,2026-03-19 11:24:48.783426
e7fd25d0-6e36-44eb-ad7f-c07b2e2555ee,abnormality_detected,e1000000-0000-0000-0000-000000000001,d8e4f049-19d0-46de-9a53-ef0e10c41f6c,abnormality,upsert_abnormality,"{""type"":""long_idle"",""severity"":""CRITICAL"",""confidence"":1,""session_id"":""59771728-842b-4577-9467-acd80a5b3f27""}",,,2026-03-19 11:29:51.045416
e80aa8ac-fa8c-4fdf-a5a2-30d766ba2da4,abnormality_detected,0538b32c-c891-41bd-a82e-b150f09fc50e,de163820-d6fb-4d46-9f9e-81325aa9b6cc,abnormality,upsert_abnormality,"{""type"":""clock_in_clock_out"",""severity"":""CRITICAL"",""confidence"":0.9345,""session_id"":""d74eb73f-0f9c-4540-bb0d-e58656d4a31c""}",,,2026-03-20 05:36:07.305751
e859272f-30ea-4575-81af-82d977e4e938,abnormality_detected,1950dcfc-8839-4c50-ab2a-11a6f6c018ff,89351406-d13e-4666-9f75-6fe6028d597d,abnormality,upsert_abnormality,"{""type"":""long_idle"",""severity"":""CRITICAL"",""confidence"":0.7085,""session_id"":""d0aca746-b1bf-4c30-a962-eead4b62a015""}",,,2026-04-15 18:15:11.183312
e85a173d-2a08-47cf-8eb3-8290c7528495,abnormality_detected,0538b32c-c891-41bd-a82e-b150f09fc50e,de163820-d6fb-4d46-9f9e-81325aa9b6cc,abnormality,upsert_abnormality,"{""type"":""minimal_activity"",""severity"":""CRITICAL"",""confidence"":0.9869,""session_id"":""d74eb73f-0f9c-4540-bb0d-e58656d4a31c""}",,,2026-03-20 06:43:01.316666
e8d65a87-039d-420c-8086-f6f1fadedf99,abnormality_detected,0538b32c-c891-41bd-a82e-b150f09fc50e,de163820-d6fb-4d46-9f9e-81325aa9b6cc,abnormality,upsert_abnormality,"{""type"":""clock_in_clock_out"",""severity"":""CRITICAL"",""confidence"":0.9345,""session_id"":""d74eb73f-0f9c-4540-bb0d-e58656d4a31c""}",,,2026-03-20 09:12:49.819637
e8e52f33-6749-4c8a-856f-03848782daa0,session_started,0538b32c-c891-41bd-a82e-b150f09fc50e,6df05c83-b8f6-43a3-8660-7856124405f0,session,start_session,"{""start_time"":""2026-04-14T17:37:22.936457""}",,,2026-04-14 17:36:45.881676
e97c218a-18d7-4596-afaf-7839ae364e36,abnormality_detected,e1000000-0000-0000-0000-000000000001,d8e4f049-19d0-46de-9a53-ef0e10c41f6c,abnormality,upsert_abnormality,"{""type"":""burst_then_idle"",""severity"":""CRITICAL"",""confidence"":0.7117,""session_id"":""59771728-842b-4577-9467-acd80a5b3f27""}",,,2026-03-19 11:35:13.340214
e9be1454-fea7-4e2d-b67a-20f9606027c8,abnormality_detected,e1000000-0000-0000-0000-000000000001,d8e4f049-19d0-46de-9a53-ef0e10c41f6c,abnormality,upsert_abnormality,"{""type"":""rapid_paste"",""severity"":""CRITICAL"",""confidence"":0.8,""session_id"":""59771728-842b-4577-9467-acd80a5b3f27""}",,,2026-03-19 10:56:42.769258
ea1a480d-e28c-4435-85ed-8f8a1857cc15,abnormality_detected,e1000000-0000-0000-0000-000000000001,d8e4f049-19d0-46de-9a53-ef0e10c41f6c,abnormality,upsert_abnormality,"{""type"":""superhuman_speed"",""severity"":""CRITICAL"",""confidence"":1,""session_id"":""59771728-842b-4577-9467-acd80a5b3f27""}",,,2026-03-19 10:30:54.637041
ea1d7490-afa4-4a95-b742-6d312b16b4e6,abnormality_detected,e1000000-0000-0000-0000-000000000001,d8e4f049-19d0-46de-9a53-ef0e10c41f6c,abnormality,upsert_abnormality,"{""type"":""minimal_activity"",""severity"":""CRITICAL"",""confidence"":1,""session_id"":""59771728-842b-4577-9467-acd80a5b3f27""}",,,2026-03-19 12:16:51.235386
ea9a0ad9-1eda-45ca-bde6-17154f02a42d,leave_applied,1950dcfc-8839-4c50-ab2a-11a6f6c018ff,835bd3fd-ce70-4fe7-9d9a-3ad1b77ce3b8,leave,apply_leave,"{""days"":2,""from"":""2026-04-16"",""leave_type"":""EL""}",,,2026-04-16 06:11:27.1604
eaccf497-535c-493d-aec7-18f43f96e09d,abnormality_detected,0538b32c-c891-41bd-a82e-b150f09fc50e,de163820-d6fb-4d46-9f9e-81325aa9b6cc,abnormality,upsert_abnormality,"{""type"":""long_idle"",""severity"":""CRITICAL"",""confidence"":1,""session_id"":""d74eb73f-0f9c-4540-bb0d-e58656d4a31c""}",,,2026-03-20 09:43:46.744764
eb78b47e-70ae-4037-97cd-98bef8a4e859,abnormality_detected,0538b32c-c891-41bd-a82e-b150f09fc50e,de163820-d6fb-4d46-9f9e-81325aa9b6cc,abnormality,upsert_abnormality,"{""type"":""long_idle"",""severity"":""CRITICAL"",""confidence"":1,""session_id"":""d74eb73f-0f9c-4540-bb0d-e58656d4a31c""}",,,2026-03-20 09:38:36.52158
ec25b056-f426-4a28-92f1-6ebcf885526c,abnormality_detected,1950dcfc-8839-4c50-ab2a-11a6f6c018ff,c30846fe-5256-442d-8d06-a72150f32ab1,abnormality,upsert_abnormality,"{""type"":""burst_then_idle"",""severity"":""CRITICAL"",""confidence"":0.7244,""session_id"":""f5783da6-6e4e-407e-9650-60847a360f63""}",,,2026-04-15 14:37:58.405872
ec810922-7d48-44ec-a787-aafc1f3ed216,abnormality_detected,0538b32c-c891-41bd-a82e-b150f09fc50e,de163820-d6fb-4d46-9f9e-81325aa9b6cc,abnormality,upsert_abnormality,"{""type"":""minimal_activity"",""severity"":""CRITICAL"",""confidence"":0.9869,""session_id"":""d74eb73f-0f9c-4540-bb0d-e58656d4a31c""}",,,2026-03-20 07:08:54.235958
ed2cbe29-a536-4c22-a5de-b1ab6789b625,user_login,0538b32c-c891-41bd-a82e-b150f09fc50e,0538b32c-c891-41bd-a82e-b150f09fc50e,employee,login,"{""role"":""employee""}",2409:40d0:139a:fc8d:8000::,"Mozilla/5.0 (Linux; Android 10; K) AppleWebKit/537.36 (KHTML, like Gecko) Chrome/146.0.0.0 Mobile Safari/537.36",2026-03-21 08:47:44.021935
ed5a4337-b79b-4a1f-92ec-85ccd20a6ae4,abnormality_detected,0538b32c-c891-41bd-a82e-b150f09fc50e,de163820-d6fb-4d46-9f9e-81325aa9b6cc,abnormality,upsert_abnormality,"{""type"":""minimal_activity"",""severity"":""CRITICAL"",""confidence"":0.9869,""session_id"":""d74eb73f-0f9c-4540-bb0d-e58656d4a31c""}",,,2026-03-20 08:15:52.825873
edbc0473-9fff-4f30-806b-e42e51b319c5,abnormality_detected,0538b32c-c891-41bd-a82e-b150f09fc50e,de163820-d6fb-4d46-9f9e-81325aa9b6cc,abnormality,upsert_abnormality,"{""type"":""long_idle"",""severity"":""CRITICAL"",""confidence"":1,""session_id"":""d74eb73f-0f9c-4540-bb0d-e58656d4a31c""}",,,2026-03-20 05:41:13.50657
ee201ddd-0c4d-4c17-a68d-0eb4a81efaa3,abnormality_detected,7655942d-098c-472a-a03d-bb2d96e0450d,f068856c-028c-4ecb-b709-3dfd6f1ae906,abnormality,upsert_abnormality,"{""type"":""paste_heavy_work"",""severity"":""CRITICAL"",""confidence"":1,""session_id"":""de0138bc-594b-446f-bece-64131313ad77""}",,,2026-04-14 12:23:21.075171
ee3429bc-e285-4804-838e-be0d2bc52916,abnormality_detected,0538b32c-c891-41bd-a82e-b150f09fc50e,fa599360-c58c-4463-85bd-9b36c302570b,abnormality,upsert_abnormality,"{""type"":""rapid_paste"",""severity"":""CRITICAL"",""confidence"":0.8,""session_id"":""6df05c83-b8f6-43a3-8660-7856124405f0""}",,,2026-04-14 17:51:53.114782
ee3689ae-79b2-4d03-8059-af3156eb9302,abnormality_detected,0538b32c-c891-41bd-a82e-b150f09fc50e,de163820-d6fb-4d46-9f9e-81325aa9b6cc,abnormality,upsert_abnormality,"{""type"":""long_idle"",""severity"":""CRITICAL"",""confidence"":1,""session_id"":""d74eb73f-0f9c-4540-bb0d-e58656d4a31c""}",,,2026-03-20 05:20:37.42564
ee6b4bde-beab-4371-b650-3b9801ad27c0,abnormality_detected,1950dcfc-8839-4c50-ab2a-11a6f6c018ff,89351406-d13e-4666-9f75-6fe6028d597d,abnormality,create_abnormality,"{""type"":""suspicious_paste"",""severity"":""CRITICAL"",""confidence"":0.99,""session_id"":""d0aca746-b1bf-4c30-a962-eead4b62a015""}",,,2026-04-15 17:37:05.853578
eeb9ccdb-8df6-4226-8b41-e0924a8d8e32,leave_applied,7655942d-098c-472a-a03d-bb2d96e0450d,12ae9a0d-9598-43b4-90d7-3622cce9a3ec,leave,apply_leave,"{""days"":2,""from"":""2026-04-18"",""leave_type"":""EL""}",,,2026-04-18 04:57:31.296047
ef2c0361-daf6-4b7f-bfde-a26233e10b8d,abnormality_detected,0538b32c-c891-41bd-a82e-b150f09fc50e,de163820-d6fb-4d46-9f9e-81325aa9b6cc,abnormality,upsert_abnormality,"{""type"":""minimal_activity"",""severity"":""CRITICAL"",""confidence"":0.9869,""session_id"":""d74eb73f-0f9c-4540-bb0d-e58656d4a31c""}",,,2026-03-20 06:32:43.015417
f152659a-a3d0-46c6-b9fc-ae94e78960f8,abnormality_detected,60981727-cff3-4f24-865f-0917898bb71e,1e1eb5c3-44fc-4aaf-90dd-1e5fb1a9ca2b,abnormality,upsert_abnormality,"{""type"":""rapid_paste"",""severity"":""CRITICAL"",""confidence"":0.8,""session_id"":""40e3f459-2ebf-423f-b275-f3e6fc5e93b1""}",,,2026-04-14 11:42:50.349002
f2781910-6ef2-4efe-a26f-318d20f595cf,session_started,7655942d-098c-472a-a03d-bb2d96e0450d,4ec792a0-5def-4a45-9b48-36c1af01be31,session,start_session,"{""start_time"":""2026-04-16T11:10:02.877956""}",,,2026-04-16 11:09:23.60263
f29d0ce7-10c2-4ba5-8971-8c6fe1303bc9,user_login,0538b32c-c891-41bd-a82e-b150f09fc50e,0538b32c-c891-41bd-a82e-b150f09fc50e,employee,login,"{""role"":""employee""}",103.155.140.67,"Mozilla/5.0 (Linux; Android 6.0; Nexus 5 Build/MRA58N) AppleWebKit/537.36 (KHTML, like Gecko) Chrome/146.0.0.0 Mobile Safari/537.36",2026-03-21 07:19:13.38799
f2db2e97-345c-4684-981c-98eb774d4ec2,user_login,078b8628-dcb3-4bbf-9a64-ce01557013a5,078b8628-dcb3-4bbf-9a64-ce01557013a5,employee,login,"{""role"":""admin""}",49.14.154.77,"Mozilla/5.0 (Windows NT 10.0; Win64; x64) AppleWebKit/537.36 (KHTML, like Gecko) Chrome/145.0.0.0 Safari/537.36 OPR/129.0.0.0",2026-04-18 04:34:57.620689
f354e15c-2ae0-4720-846e-d5e26bd8a4d0,login_failed,,50289596-773e-4a9c-8f95-d20c29c8b000,employee,login_attempt_failed,"{""email"":""kashish@sentinel.com""}",127.0.0.1,,2026-04-16 11:29:32.623076
f364080f-c966-412c-8843-9bf14ad5aba0,session_ended,60981727-cff3-4f24-865f-0917898bb71e,012483d2-16b2-42cc-92a2-4a0841f37a1f,session,end_session,"{""status"":""incomplete"",""lunch_taken"":false,""work_minutes"":27,""break_minutes"":0}",,,2026-04-14 17:36:09.06182
f38732dd-aec0-4664-9180-b0dd5805bdad,abnormality_detected,1950dcfc-8839-4c50-ab2a-11a6f6c018ff,c30846fe-5256-442d-8d06-a72150f32ab1,abnormality,upsert_abnormality,"{""type"":""suspicious_paste"",""severity"":""CRITICAL"",""confidence"":0.99,""session_id"":""f5783da6-6e4e-407e-9650-60847a360f63""}",,,2026-04-15 14:19:37.308204
f39622d3-fa12-4c89-8ba5-c9d1892b9c1d,abnormality_detected,1950dcfc-8839-4c50-ab2a-11a6f6c018ff,c30846fe-5256-442d-8d06-a72150f32ab1,abnormality,upsert_abnormality,"{""type"":""long_idle"",""severity"":""CRITICAL"",""confidence"":1,""session_id"":""f5783da6-6e4e-407e-9650-60847a360f63""}",,,2026-04-14 18:23:26.382015
f3d9e275-df92-4799-906f-d4d942ee6836,abnormality_detected,0538b32c-c891-41bd-a82e-b150f09fc50e,de163820-d6fb-4d46-9f9e-81325aa9b6cc,abnormality,upsert_abnormality,"{""type"":""clock_in_clock_out"",""severity"":""CRITICAL"",""confidence"":0.9345,""session_id"":""d74eb73f-0f9c-4540-bb0d-e58656d4a31c""}",,,2026-03-20 05:51:34.418935
f5179887-abf3-4245-b2a8-83b9ede49b35,abnormality_detected,60981727-cff3-4f24-865f-0917898bb71e,2d5868a1-ff4c-4528-8665-efa6d531adeb,abnormality,upsert_abnormality,"{""type"":""rapid_paste"",""severity"":""CRITICAL"",""confidence"":0.8,""session_id"":""012483d2-16b2-42cc-92a2-4a0841f37a1f""}",,,2026-04-14 17:36:06.375835
f54d80f5-a43b-41a6-be0c-3fac4f830735,abnormality_detected,0538b32c-c891-41bd-a82e-b150f09fc50e,de163820-d6fb-4d46-9f9e-81325aa9b6cc,abnormality,upsert_abnormality,"{""type"":""long_idle"",""severity"":""CRITICAL"",""confidence"":1,""session_id"":""d74eb73f-0f9c-4540-bb0d-e58656d4a31c""}",,,2026-03-20 08:26:15.830047
f55ab39e-caf4-425e-90e5-e7650d7afe3c,abnormality_detected,0538b32c-c891-41bd-a82e-b150f09fc50e,de163820-d6fb-4d46-9f9e-81325aa9b6cc,abnormality,upsert_abnormality,"{""type"":""minimal_activity"",""severity"":""CRITICAL"",""confidence"":0.9869,""session_id"":""d74eb73f-0f9c-4540-bb0d-e58656d4a31c""}",,,2026-03-20 07:29:33.713375
f5e61d46-b135-4120-9947-620e70bfd468,abnormality_detected,0538b32c-c891-41bd-a82e-b150f09fc50e,fa599360-c58c-4463-85bd-9b36c302570b,abnormality,upsert_abnormality,"{""type"":""rapid_paste"",""severity"":""CRITICAL"",""confidence"":0.8,""session_id"":""6df05c83-b8f6-43a3-8660-7856124405f0""}",,,2026-04-14 17:49:47.594676
f6c00f44-3f03-47ef-bd19-b6620faf252e,user_login,4a36882d-ad49-4571-8888-d6ef62081904,4a36882d-ad49-4571-8888-d6ef62081904,employee,login,"{""role"":""employee""}",127.0.0.1,python-httpx/0.25.2,2026-04-13 12:01:33.9818
f6c51fce-c619-4a7c-9972-d01241128be7,abnormality_detected,0538b32c-c891-41bd-a82e-b150f09fc50e,de163820-d6fb-4d46-9f9e-81325aa9b6cc,abnormality,upsert_abnormality,"{""type"":""minimal_activity"",""severity"":""CRITICAL"",""confidence"":0.95,""session_id"":""d74eb73f-0f9c-4540-bb0d-e58656d4a31c""}",,,2026-03-20 05:20:34.614829
f7da6b2c-4f61-4d9c-abcc-cfce554711c8,user_login,a1000000-0000-0000-0000-000000000001,a1000000-0000-0000-0000-000000000001,employee,login,"{""role"":""admin""}",103.155.140.67,"Mozilla/5.0 (Windows NT 10.0; Win64; x64) AppleWebKit/537.36 (KHTML, like Gecko) Chrome/146.0.0.0 Safari/537.36",2026-03-21 09:15:57.803184
f8f3dce3-1921-4a7b-9eeb-8b4322fbc1f5,user_login,078b8628-dcb3-4bbf-9a64-ce01557013a5,078b8628-dcb3-4bbf-9a64-ce01557013a5,employee,login,"{""role"":""admin""}",43.230.107.58,"Mozilla/5.0 (Windows NT 10.0; Win64; x64) AppleWebKit/537.36 (KHTML, like Gecko) Chrome/147.0.0.0 Safari/537.36",2026-04-17 18:03:57.845766
fa2523b3-7a2a-4ae6-b125-c0b172efaffb,abnormality_detected,0538b32c-c891-41bd-a82e-b150f09fc50e,de163820-d6fb-4d46-9f9e-81325aa9b6cc,abnormality,upsert_abnormality,"{""type"":""minimal_activity"",""severity"":""CRITICAL"",""confidence"":0.9818,""session_id"":""d74eb73f-0f9c-4540-bb0d-e58656d4a31c""}",,,2026-03-20 06:06:56.004566
faa81738-7eda-4c02-9d62-5d926f4e8c90,abnormality_detected,0538b32c-c891-41bd-a82e-b150f09fc50e,de163820-d6fb-4d46-9f9e-81325aa9b6cc,abnormality,upsert_abnormality,"{""type"":""long_idle"",""severity"":""CRITICAL"",""confidence"":1,""session_id"":""d74eb73f-0f9c-4540-bb0d-e58656d4a31c""}",,,2026-03-20 06:27:36.103
faf6d343-8e79-4e29-b841-3825a7ad9362,abnormality_detected,0538b32c-c891-41bd-a82e-b150f09fc50e,de163820-d6fb-4d46-9f9e-81325aa9b6cc,abnormality,upsert_abnormality,"{""type"":""clock_in_clock_out"",""severity"":""CRITICAL"",""confidence"":0.9345,""session_id"":""d74eb73f-0f9c-4540-bb0d-e58656d4a31c""}",,,2026-03-20 10:04:28.920555
fbc4f2e5-4063-4e89-8970-d1075d204982,abnormality_detected,7655942d-098c-472a-a03d-bb2d96e0450d,6ab0b703-1d29-4bb2-9f85-f4c306e60b3a,abnormality,upsert_abnormality,"{""type"":""suspicious_paste"",""severity"":""CRITICAL"",""confidence"":0.99,""session_id"":""338522c7-0c75-4080-924d-45c242236239""}",,,2026-04-14 11:30:19.543938
fbe57f17-e112-4687-bfff-0e0b3cabee4a,abnormality_detected,1950dcfc-8839-4c50-ab2a-11a6f6c018ff,c30846fe-5256-442d-8d06-a72150f32ab1,abnormality,upsert_abnormality,"{""type"":""suspicious_paste"",""severity"":""CRITICAL"",""confidence"":0.99,""session_id"":""f5783da6-6e4e-407e-9650-60847a360f63""}",,,2026-04-15 14:45:00.615687
fc51eeee-2e03-4360-9d00-f817a82933cc,abnormality_detected,0538b32c-c891-41bd-a82e-b150f09fc50e,de163820-d6fb-4d46-9f9e-81325aa9b6cc,abnormality,upsert_abnormality,"{""type"":""clock_in_clock_out"",""severity"":""CRITICAL"",""confidence"":0.9345,""session_id"":""d74eb73f-0f9c-4540-bb0d-e58656d4a31c""}",,,2026-03-20 08:26:18.818748
fc615938-8d6f-4540-bfa5-0c6776353149,abnormality_detected,0538b32c-c891-41bd-a82e-b150f09fc50e,de163820-d6fb-4d46-9f9e-81325aa9b6cc,abnormality,upsert_abnormality,"{""type"":""long_idle"",""severity"":""CRITICAL"",""confidence"":1,""session_id"":""d74eb73f-0f9c-4540-bb0d-e58656d4a31c""}",,,2026-03-20 07:39:56.516244
fc7cc9c7-4968-43ba-8302-e01ef0588b33,abnormality_detected,1950dcfc-8839-4c50-ab2a-11a6f6c018ff,c30846fe-5256-442d-8d06-a72150f32ab1,abnormality,upsert_abnormality,"{""type"":""suspicious_paste"",""severity"":""CRITICAL"",""confidence"":0.99,""session_id"":""f5783da6-6e4e-407e-9650-60847a360f63""}",,,2026-04-15 14:30:51.159476
fc885155-07d5-41d2-ac99-21a201b90924,abnormality_detected,e1000000-0000-0000-0000-000000000001,d8e4f049-19d0-46de-9a53-ef0e10c41f6c,abnormality,upsert_abnormality,"{""type"":""superhuman_speed"",""severity"":""CRITICAL"",""confidence"":1,""session_id"":""59771728-842b-4577-9467-acd80a5b3f27""}",,,2026-03-19 12:16:56.400686
fd6186c4-e31e-49e7-b22c-4bb8c35334a4,appeal_filed,e1000000-0000-0000-0000-000000000001,e1000000-0000-0000-0000-000000000001,appeal,appeal_submitted,"{""session_id"":""fe57bc10-fd21-5b8f-b179-8a93c2380dfb""}",,,2026-03-18 07:35:13.182368
fe31cd7a-97cb-4aa3-8778-70381989ad61,abnormality_detected,7655942d-098c-472a-a03d-bb2d96e0450d,f068856c-028c-4ecb-b709-3dfd6f1ae906,abnormality,upsert_abnormality,"{""type"":""keyboard_sitting"",""severity"":""CRITICAL"",""confidence"":0.75,""session_id"":""de0138bc-594b-446f-bece-64131313ad77""}",,,2026-04-14 12:19:57.189658
fecb8243-a020-405c-8114-49aaefcab1e1,abnormality_detected,0538b32c-c891-41bd-a82e-b150f09fc50e,de163820-d6fb-4d46-9f9e-81325aa9b6cc,abnormality,upsert_abnormality,"{""type"":""clock_in_clock_out"",""severity"":""CRITICAL"",""confidence"":0.9049,""session_id"":""d74eb73f-0f9c-4540-bb0d-e58656d4a31c""}",,,2026-03-20 05:20:40.220851
feef932f-78e5-4bdb-bb36-2b9de556f69d,abnormality_detected,0538b32c-c891-41bd-a82e-b150f09fc50e,de163820-d6fb-4d46-9f9e-81325aa9b6cc,abnormality,upsert_abnormality,"{""type"":""clock_in_clock_out"",""severity"":""CRITICAL"",""confidence"":0.9345,""session_id"":""d74eb73f-0f9c-4540-bb0d-e58656d4a31c""}",,,2026-03-20 08:05:39.300523
ff0c54b7-c556-40c9-a9af-edbe947e4f78,user_login,1950dcfc-8839-4c50-ab2a-11a6f6c018ff,1950dcfc-8839-4c50-ab2a-11a6f6c018ff,employee,login,"{""role"":""employee""}",103.155.141.248,"Mozilla/5.0 (Linux; Android 6.0; Nexus 5 Build/MRA58N) AppleWebKit/537.36 (KHTML, like Gecko) Chrome/147.0.0.0 Mobile Safari/537.36",2026-04-22 17:11:45.000747
ff5751b1-40c4-45a9-a735-3ec6d0bc8ab1,abnormality_detected,e1000000-0000-0000-0000-000000000001,d8e4f049-19d0-46de-9a53-ef0e10c41f6c,abnormality,upsert_abnormality,"{""type"":""burst_then_idle"",""severity"":""CRITICAL"",""confidence"":0.7117,""session_id"":""59771728-842b-4577-9467-acd80a5b3f27""}",,,2026-03-19 12:16:57.774305
ff6480b7-9c9f-4195-a5c3-2fdd2ab59017,abnormality_detected,7655942d-098c-472a-a03d-bb2d96e0450d,d4af7707-901c-4975-8e9d-692cc16f9656,abnormality,upsert_abnormality,"{""type"":""clock_in_clock_out"",""severity"":""HIGH"",""confidence"":0.8967,""session_id"":""638bfa43-93e1-4068-b261-1d247c08b10c""}",,,2026-04-12 17:32:46.883158
ff71a01d-1425-4666-a7ae-a9a87b41aafb,abnormality_detected,0538b32c-c891-41bd-a82e-b150f09fc50e,fa599360-c58c-4463-85bd-9b36c302570b,abnormality,upsert_abnormality,"{""type"":""suspicious_paste"",""severity"":""CRITICAL"",""confidence"":0.99,""session_id"":""6df05c83-b8f6-43a3-8660-7856124405f0""}",,,2026-04-14 17:49:46.007163